blastcode,minename,pitname,benchname,zonename,blastdate,blasttime,rock_name,rock_density,burden,holedia,spacing,hole_depth,sremming_length,bench_height,face_length,hole_angle,total_rows,hole_blasted,expcode,column_charge_density,avg_column_charge_length,avg_col_weight,base_exp_density,avg_base_exp_length,base_exp_weight,booster_length,production_ton_therotical,prodution_therotical_vol,total_explosive_kg,drill_factor,ton_recover,tot_stem,total_drill_mtr,flyrock,air_blast,ppv,total_exp_cost,blast_accessoriesdelay_cost,drillcostperm,drilling_cost,total_drill,man_power_and_accociated_cost,man_power_cost,actual_pf_(ton/kg),theoretical_pf_(ton/kg),frag_over_size,frag_under_size,frag_in_range
18,Gevra,East Section,Between UK (B) and LK (T),42 cum shovel CAT and PV,2023-03-27,15:03:36,SANDSTONE,2.35,8.0,381.0,9.0,17.0,5.99,17.0,0.0,0.0,3.0,18,11,1.15,6.0,900.0,0.0,0.0,0,0.01,50673.6,22032.0,16227.0,165.6,50673.6,107.82,306.0,30.0,0.0,6.71,1256058.0,5306.4,500.0,153000.0,306.0,0.0,0.0,3.12,3.12,11.0,3.0,86.0
36,Gevra,Contractual Patches,LK,Godhara Patch Gem 481,2023-04-22,18:19:36,SANDSTONE,2.35,4.5,165.0,5.0,6.0,3.69,6.0,0.0,0.0,7.0,398,11,1.15,2.3,56.53,0.0,0.0,0,0.01,126265.5,53730.0,22658.14,52.88,0.0,1468.62,2388.0,0.0,0.0,6.71,1476285.6,4775.4,500.0,95000.0,2388.0,0.0,0.0,0.0,5.57,10.0,0.0,80.0
52,Gevra,East Section,LK seam,42 cum shovel CAT and PV,2023-04-29,20:41:59,SANDSTONE,2.35,7.0,381.0,10.0,19.5,8.63,19.0,0.0,0.0,6.0,34,11,1.15,5.85,900.0,0.0,0.0,0,0.01,106267.0,45220.0,30659.5,160.28,106267.0,293.42,663.0,20.0,0.0,6.71,2364144.0,7480.0,500.0,95000.0,663.0,0.0,0.0,3.47,3.47,10.0,0.0,80.0
53,Gevra,East Section,LK seam,42 cum shovel CAT and PV,2023-04-30,13:02:46,SANDSTONE,2.35,6.5,381.0,10.0,19.0,7.41,19.0,0.0,0.0,5.0,28,11,1.15,6.58,892.86,0.0,0.0,0,0.01,81263.0,34580.0,25049.0,152.75,81263.0,207.48,532.0,20.0,0.0,6.71,1931572.0,6160.0,500.0,95000.0,532.0,0.0,0.0,3.24,3.24,1.4,0.1,0.75
54,Gevra,East Section,Between UK and LK (C) (OB),42 cum shovel CAT and PV,2023-05-02,14:37:30,SANDSTONE,2.35,8.0,381.0,10.0,19.0,7.7,20.0,0.0,0.0,3.0,26,11,1.15,6.29,860.0,0.0,0.0,0,0.01,97760.0,41600.0,22405.5,197.89,97760.0,200.2,494.0,0.0,0.0,6.71,1737051.0,2184.0,500.0,95000.0,494.0,0.0,0.0,4.36,4.36,1.4,0.05,0.75
63,Gevra,East Section,Between UK and LK (C) (OB),42 cum shovel CAT and PV,2023-05-05,16:44:37,SANDSTONE,2.35,8.0,381.0,10.0,19.0,13.0,19.0,0.0,0.0,6.0,27,11,1.15,0.0,831.12,0.0,0.0,0,0.0,96444.0,41040.0,22487.49,188.0,96444.0,351.0,513.0,20.0,0.0,6.71,1743936.0,4762.8,500.0,95000.0,513.0,0.0,0.0,4.29,4.29,1.4,0.1,0.75
72,Gevra,East Section,Between UK and LK (C) (OB),42 cum shovel CAT and PV,2023-05-06,14:15:06,SANDSTONE,2.35,8.0,381.0,10.0,19.0,12.12,20.0,0.0,0.0,2.0,10,11,1.15,6.87,900.0,0.0,0.0,0,0.01,37600.0,16000.0,9017.5,197.89,37600.0,121.2,190.0,0.0,0.0,6.71,698836.6,2520.0,500.0,95000.0,190.0,0.0,0.0,4.17,4.17,1.4,0.05,0.75
73,Gevra,East Section,Between UK and LK (C) (OB),42 cum shovel CAT and PV,2023-05-06,14:16:29,SANDSTONE,2.35,8.0,381.0,10.0,19.0,6.4,20.0,0.0,0.0,5.0,30,11,1.15,6.59,863.0,0.0,0.0,0,0.01,107160.0,45600.0,25942.5,188.0,112800.0,192.0,570.0,10.0,0.0,6.71,2011206.0,5292.0,500.0,95000.0,570.0,0.0,0.0,4.35,4.13,1.4,0.05,0.7
84,Gevra,East Section,Between UK and LK (C) (OB),42 cum shovel CAT and PV,2023-05-08,14:33:42,SANDSTONE,2.35,8.5,381.0,9.0,19.0,6.27,20.0,0.0,0.0,4.0,14,11,1.15,6.72,880.0,0.0,0.0,0,0.01,39480.0,16800.0,12344.5,148.42,50337.0,87.78,266.0,20.0,0.0,6.71,956853.2,2469.6,500.0,95000.0,266.0,0.0,0.0,4.08,3.2,10.0,0.0,80.0
92,Gevra,East Section,Between UK (B) and LK (T),42 cum shovel CAT and PV,2023-05-10,14:51:41,SANDSTONE,2.35,8.0,381.0,9.5,18.0,6.35,20.0,0.0,0.0,5.0,14,11,1.15,6.64,870.0,0.0,0.0,0,0.01,50008.0,21280.0,12204.5,198.44,48790.0,88.9,252.0,20.0,0.0,6.71,946094.2,5040.0,500.0,95000.0,252.0,0.0,0.0,4.0,4.1,1.5,0.1,0.75
97,Gevra,East Section,Between UK (B) and LK (T),42 cum shovel CAT and PV,2023-05-11,14:56:14,SANDSTONE,2.35,8.0,381.0,10.0,19.0,6.14,20.0,0.0,0.0,3.0,17,11,1.15,6.85,897.64,0.0,0.0,0,0.01,63920.0,27200.0,15289.63,197.89,63920.0,104.38,323.0,20.0,0.0,6.71,1184939.0,5317.2,500.0,95000.0,323.0,0.0,0.0,4.18,4.18,10.0,0.0,80.0
111,Gevra,East Section,Between UK (B) and LK (T),42 cum shovel CAT and PV,2023-05-13,02:30:01,SANDSTONE,2.35,8.0,381.0,10.0,19.0,11.99,19.0,0.0,0.0,2.0,14,11,1.15,7.0,800.0,0.0,0.0,0,0.01,50008.0,21280.0,11224.5,188.0,50008.0,167.86,266.0,0.0,0.0,6.71,870781.17,4775.4,500.0,95000.0,266.0,0.0,0.0,4.46,4.46,10.0,0.0,80.0
116,Gevra,East Section,Between UK (B) and LK (T),42 cum shovel CAT and PV,2023-05-16,02:36:24,SANDSTONE,2.35,9.0,381.0,9.0,19.5,12.5,19.5,0.0,0.0,3.0,21,11,1.15,7.0,900.0,0.0,0.0,0,0.0,77948.33,33169.5,18937.8,190.35,77948.33,262.5,409.5,10.0,0.0,6.71,1460428.0,0.0,500.0,95000.0,409.5,0.0,0.0,4.12,4.12,10.0,0.0,80.0
137,Gevra,East Section,Between UK (B) and LK (T),42 cum shovel CAT and PV,2023-05-17,02:35:55,SANDSTONE,2.35,8.5,381.0,9.0,19.5,6.47,19.5,0.0,0.0,4.0,28,11,1.15,6.53,850.0,0.0,0.0,0,0.0,98157.15,41769.0,23846.2,179.78,98157.15,181.16,546.0,0.0,0.0,6.71,1838762.49,4838.4,500.0,95000.0,546.0,0.0,0.0,4.12,4.12,10.0,0.0,80.0
150,Gevra,East Section,Between UK (B) and LK (T),42 cum shovel CAT and PV,2023-05-18,02:30:29,SANDSTONE,2.35,8.5,381.0,9.0,18.0,11.87,18.0,0.0,0.0,4.0,16,11,1.15,6.13,800.0,0.0,0.0,0,0.0,51775.2,22032.0,12826.4,179.78,51775.2,189.92,288.0,15.0,0.0,6.71,989241.4,4132.8,500.0,95000.0,288.0,0.0,0.0,4.04,4.04,10.0,0.0,80.0
167,Gevra,East Section,Between UK (B) and LK (T),42 cum shovel CAT and PV,2023-05-24,12:07:19,SANDSTONE,2.35,8.0,381.0,10.0,18.0,6.14,19.0,0.0,0.0,2.0,22,11,1.15,5.85,766.36,0.0,0.0,0,0.01,78584.0,33440.0,16898.42,198.44,71614.0,135.08,396.0,20.0,96.0,4.27,1311495.0,3880.8,500.0,95000.0,396.0,0.0,0.0,4.24,4.65,10.0,0.0,80.0
169,Gevra,East Section,Between UK (B) and LK (T),42 cum shovel CAT and PV,2023-05-22,12:38:51,SANDSTONE,2.35,8.0,381.0,11.0,15.5,6.0,19.0,0.0,0.0,2.0,22,11,1.15,5.6,733.2,0.0,0.0,0,0.01,86442.4,36784.0,16168.9,253.5,70518.0,132.0,341.0,20.0,0.0,6.71,1255432.0,3880.8,500.0,95000.0,341.0,0.0,0.0,4.36,5.35,1.4,0.1,0.75
170,Gevra,East Section,Between UK (B) and LK (T),42 cum shovel CAT and PV,2023-05-21,14:04:47,SANDSTONE,2.35,8.0,381.0,9.0,17.0,5.22,19.0,0.0,0.0,3.0,29,11,1.15,5.77,756.55,0.0,0.0,0,0.01,93229.2,39672.0,21990.7,189.11,83888.0,151.38,493.0,10.0,0.0,6.71,1706926.0,15735.6,500.0,95000.0,493.0,0.0,0.0,3.81,4.24,1.4,0.1,0.75
174,Gevra,East Section,Between UK (B) and LK (T),42 cum shovel CAT and PV,2023-05-24,14:03:53,SANDSTONE,2.35,8.5,381.0,9.0,19.0,6.56,19.0,0.0,0.0,2.0,20,11,1.15,6.43,842.5,0.0,0.0,0,0.01,68314.5,29070.0,16885.0,179.78,68314.5,131.2,380.0,20.0,0.0,6.71,1309296.0,24768.0,500.0,95000.0,380.0,0.0,0.0,4.05,4.05,1.4,0.1,0.75
186,Gevra,East Section,Between UK (B) and LK (T),42 cum shovel CAT and PV,2023-05-25,14:04:52,SANDSTONE,2.35,8.6,381.0,9.0,19.0,6.18,20.0,0.0,0.0,4.0,24,11,1.15,6.81,892.9,0.0,0.0,0,0.01,87307.2,37152.0,21471.6,191.46,81307.2,148.32,456.0,0.0,0.0,6.71,1664113.0,32553.6,500.0,95000.0,456.0,0.0,0.0,3.79,4.07,10.0,0.0,80.0
192,Gevra,East Section,Between UK (B) and LK (T),42 cum shovel CAT and PV,2023-05-26,14:54:02,SANDSTONE,2.35,8.7,381.0,9.0,18.0,5.34,19.0,0.0,0.0,3.0,10,11,1.15,6.65,872.0,0.0,0.0,0,0.01,34960.95,14877.0,8737.5,194.23,34960.95,53.4,180.0,20.0,0.0,6.71,677318.6,12560.4,500.0,95000.0,180.0,0.0,0.0,4.0,4.0,1.4,0.1,0.7
196,Gevra,East Section,Between UK (B) and LK (T),42 cum shovel CAT and PV,2023-05-27,14:27:30,SANDSTONE,2.35,9.0,381.0,10.0,19.0,8.03,20.0,0.0,0.0,4.0,9,11,1.15,4.96,900.0,0.0,0.0,0,0.01,38070.0,16200.0,8115.75,222.63,36400.0,72.27,171.0,0.0,0.0,6.71,628952.9,10437.6,500.0,95000.0,171.0,0.0,0.0,4.49,4.69,10.0,0.0,80.0
197,Gevra,East Section,Between UK (B) and LK (T),42 cum shovel CAT and PV,2023-05-28,14:46:09,SANDSTONE,2.35,8.0,381.0,9.0,16.0,4.65,17.0,0.0,0.0,4.0,20,11,1.15,5.34,700.0,0.0,0.0,0,0.01,57528.0,24480.0,14026.0,179.78,54300.0,93.0,320.0,20.0,0.0,6.71,1086577.0,17688.0,500.0,95000.0,320.0,0.0,0.0,3.87,4.1,1.5,0.01,0.7
205,Gevra,East Section,Between UK (B) and LK (T),42 cum shovel CAT and PV,2023-05-29,14:11:52,SANDSTONE,2.35,8.0,381.0,9.0,17.0,11.0,17.0,0.0,0.0,5.0,23,11,1.15,0.0,750.0,0.0,0.0,0,0.0,66157.2,28152.0,17284.5,169.2,66157.2,253.0,391.0,20.0,0.0,6.71,1332930.27,22110.0,500.0,95000.0,391.0,0.0,0.0,3.83,3.83,1.5,0.05,0.7
206,Gevra,East Section,Between UK (B) and LK (T),42 cum shovel CAT and PV,2023-05-30,14:24:45,SANDSTONE,2.35,8.0,381.0,9.0,16.0,4.65,16.0,0.0,0.0,2.0,7,11,1.15,5.34,692.86,0.0,0.0,0,0.01,18950.4,8064.0,4860.5,169.2,18950.4,32.55,112.0,20.0,0.0,6.71,374934.4,12031.2,500.0,95000.0,112.0,0.0,0.0,3.9,3.9,1.5,0.05,0.7
224,Gevra,East Section,Between UK (B) and LK (T),42 cum shovel CAT and PV,2023-06-01,14:45:17,SANDSTONE,2.35,8.0,381.0,9.0,17.16,6.5,19.0,0.0,0.0,9.0,19,11,1.15,5.34,793.16,0.0,0.0,0,0.01,61081.2,25992.0,15100.4,187.37,0.0,123.5,326.0,0.0,0.0,6.71,1164533.56,5796.0,500.0,95000.0,326.0,0.0,0.0,0.0,4.05,2.0,0.01,0.7
229,Gevra,East Section,Between UK (B) and LK (T),42 cum shovel CAT and PV,2023-06-02,11:08:50,SANDSTONE,2.35,8.0,381.0,9.0,18.8,6.5,19.0,0.0,0.0,5.0,36,11,1.15,6.23,816.6,0.0,0.0,0,0.01,115732.8,49248.0,29458.8,171.0,115732.8,234.0,676.8,20.0,0.0,6.71,2272098.0,13608.0,500.0,338400.0,676.8,0.0,0.0,3.93,3.93,10.0,10.0,80.0
236,Gevra,East Section,Between UK (B) and LK (T),42 cum shovel CAT and PV,2023-06-05,01:40:07,SANDSTONE,2.35,8.35,381.0,9.0,18.2,5.94,19.0,40.0,0.0,7.0,21,11,1.15,6.26,816.03,0.0,0.0,0,0.8,70464.4,29984.85,17175.9,184.37,67529.0,124.74,382.2,10.0,0.0,6.71,1325051.0,22476.0,500.0,191100.0,382.2,0.0,0.0,3.93,4.1,10.0,10.0,80.0
237,Gevra,East Section,Between UK (B) and LK (T),42 cum shovel CAT and PV,2023-06-05,02:17:37,SANDSTONE,2.35,8.96,381.0,10.31,19.0,6.55,20.0,40.0,0.0,6.0,21,11,1.15,6.44,845.22,0.0,0.0,0,0.8,91176.69,38798.59,17786.37,228.51,67654.0,137.55,399.0,10.0,0.0,6.71,1371623.0,22022.4,500.0,199500.0,399.0,0.0,0.0,3.8,5.13,10.0,10.0,80.0
240,Gevra,East Section,Between UK (B) and LK (T),42 cum shovel CAT and PV,2023-06-04,10:26:25,SANDSTONE,2.35,8.75,381.0,8.2,19.0,6.54,19.0,0.0,0.0,7.0,21,11,1.15,6.45,845.2,0.0,0.0,0,0.01,67276.39,28628.25,17789.94,168.61,67276.39,137.34,399.0,0.0,0.0,6.71,1372608.0,8440.0,500.0,199500.0,399.0,0.0,0.0,3.78,3.78,10.0,0.0,80.0
244,Gevra,East Section,Between UK (B) and LK (T),42 cum shovel CAT and PV,2023-06-02,12:05:16,SANDSTONE,2.35,9.0,381.0,9.0,19.1,6.1,19.0,0.0,0.0,2.0,7,11,1.15,6.99,915.7,0.0,0.0,0,0.01,25316.55,10773.0,6424.39,189.35,25316.55,42.7,133.7,0.0,0.0,6.71,495653.3,2872.8,500.0,95000.0,133.7,0.0,0.0,3.94,3.94,10.0,0.0,80.0
245,Gevra,East Section,Between UK (B) and LK (T),42 cum shovel CAT and PV,2023-06-03,12:17:15,SANDSTONE,2.35,8.0,381.0,9.0,19.0,6.55,19.0,0.0,0.0,6.0,18,11,1.15,6.44,844.0,0.0,0.0,0,0.01,57866.4,24624.0,15225.3,169.2,57866.4,117.9,342.0,0.0,0.0,6.71,1174520.0,6216.0,500.0,171000.0,342.0,0.0,0.0,3.8,3.8,10.0,0.0,80.0
248,Gevra,East Section,Between UK (B) and LK (T),42 cum shovel CAT and PV,2023-05-30,14:57:26,SANDSTONE,2.35,8.0,381.0,9.0,15.0,6.03,15.0,0.0,0.0,4.0,8,11,1.15,4.96,650.0,0.0,0.0,0,0.01,20304.0,8640.0,5212.0,169.2,20304.0,48.24,120.0,0.0,0.0,6.71,402147.9,4188.0,500.0,60000.0,120.0,0.0,0.0,3.9,3.9,10.0,0.0,80.0
249,Gevra,East Section,Between UK (B) and LK (T),42 cum shovel CAT and PV,2023-05-29,15:16:56,SANDSTONE,2.35,8.5,381.0,9.0,16.0,6.0,16.0,0.0,0.0,4.0,12,11,1.15,5.78,757.5,0.0,0.0,0,0.01,34516.8,14688.0,9110.04,179.78,34516.8,72.0,192.0,0.0,0.0,6.71,702788.1,3024.0,500.0,96000.0,192.0,0.0,0.0,3.79,3.79,10.0,0.0,80.0
250,Gevra,East Section,Between UK (B) and LK (T),42 cum shovel CAT and PV,2023-05-28,15:26:09,SANDSTONE,2.35,8.0,381.0,9.0,16.0,6.0,16.0,0.0,0.0,5.0,15,11,1.15,0.0,700.0,0.0,0.0,0,0.01,40608.0,17280.0,10518.9,169.2,40608.0,90.0,240.0,0.0,0.0,6.71,810906.5,4788.0,500.0,120000.0,240.0,0.0,0.0,3.86,3.86,10.0,0.0,80.0
251,Gevra,East Section,Between UK (B) and LK (T),42 cum shovel CAT and PV,2023-05-27,15:31:54,SANDSTONE,2.35,7.5,381.0,8.5,19.0,6.0,19.0,0.0,0.0,6.0,23,11,1.15,5.39,706.08,0.0,0.0,0,0.01,65468.06,27858.75,16269.05,149.81,65468.06,138.0,437.0,0.0,0.0,6.71,1254185.08,6148.8,500.0,218500.0,437.0,0.0,0.0,4.02,4.02,10.0,0.0,80.0
252,Gevra,East Section,Between UK (B) and LK (T),42 cum shovel CAT and PV,2023-05-21,15:44:44,SANDSTONE,2.35,8.0,381.0,9.0,17.2,7.36,17.2,0.0,0.0,5.0,14,11,1.15,5.83,763.5,0.0,0.0,0,0.01,40743.36,17337.6,10712.1,169.2,40743.36,103.04,240.8,0.0,0.0,6.71,826315.9,5241.6,500.0,120400.0,240.8,0.0,0.0,3.8,3.8,10.0,0.0,80.0
253,Gevra,East Section,Between UK (B) and LK (T),42 cum shovel CAT and PV,2023-05-20,15:53:32,SANDSTONE,2.35,8.5,381.0,9.0,19.0,6.79,19.0,0.0,0.0,5.0,44,11,1.15,6.2,812.7,0.0,0.0,0,0.01,150291.9,63954.0,35829.64,179.78,150291.9,298.76,836.0,0.0,0.0,6.71,2762986.93,15246.0,500.0,418000.0,836.0,0.0,0.0,4.19,4.19,10.0,0.0,80.0
254,Gevra,East Section,Between UK (B) and LK (T),42 cum shovel CAT and PV,2023-05-19,15:59:52,SANDSTONE,2.35,8.0,381.0,9.0,19.0,6.0,19.0,0.0,0.0,2.0,8,11,1.15,0.0,850.0,0.0,0.0,0,0.0,25718.4,10944.0,6814.08,169.2,25718.4,48.0,152.0,0.0,0.0,6.71,525546.09,3049.2,500.0,76000.0,152.0,0.0,0.0,3.77,3.77,10.0,0.0,80.0
255,Gevra,East Section,Between UK (B) and LK (T),42 cum shovel CAT and PV,2023-05-18,16:13:19,SANDSTONE,2.35,8.5,381.0,9.0,18.5,6.09,18.5,0.0,0.0,4.0,14,11,1.15,6.4,839.2,0.0,0.0,0,0.01,46561.73,19813.5,11772.88,179.78,46561.73,85.26,259.0,0.0,0.0,6.71,907967.9,3880.8,500.0,129500.0,259.0,0.0,0.0,3.95,3.95,10.0,0.0,80.0
256,Gevra,East Section,Between UK (B) and LK (T),42 cum shovel CAT and PV,2023-05-18,16:21:57,SANDSTONE,2.35,9.0,321.0,10.0,19.0,6.0,19.0,0.0,0.0,7.0,28,11,1.15,0.0,896.7,0.0,0.0,0,0.0,112518.0,47880.0,25145.4,211.5,112518.0,168.0,532.0,0.0,0.0,6.71,1937482.01,8870.4,450.0,239400.0,532.0,0.0,0.0,4.47,4.47,10.0,0.0,80.0
257,Gevra,East Section,Between UK (B) and LK (T),42 cum shovel CAT and PV,2023-05-17,16:29:27,SANDSTONE,2.35,8.5,381.0,9.0,19.0,6.37,19.0,0.0,0.0,6.0,24,11,1.15,6.62,867.45,0.0,0.0,0,0.01,81977.4,34884.0,20861.04,179.78,81977.4,152.88,456.0,0.0,0.0,6.71,1608823.06,8618.4,500.0,228000.0,456.0,0.0,0.0,3.93,3.93,10.0,0.0,80.0
258,Gevra,East Section,Between UK (B) and LK (T),42 cum shovel CAT and PV,2023-05-05,16:37:00,SANDSTONE,2.35,8.0,381.0,10.0,19.0,6.0,19.0,0.0,0.0,5.0,22,11,1.15,0.0,890.0,0.0,0.0,0,0.01,78584.0,33440.0,19615.64,188.0,78584.0,132.0,418.0,0.0,0.0,6.71,1512230.92,6552.0,500.0,209000.0,418.0,0.0,0.0,4.01,4.01,10.0,0.0,80.0
259,Gevra,East Section,Between UK (B) and LK (T),42 cum shovel CAT and PV,2023-05-04,16:44:12,SANDSTONE,2.35,8.5,381.0,9.0,19.0,6.27,19.0,0.0,0.0,6.0,26,11,1.15,6.72,880.0,0.0,0.0,0,0.01,88808.85,37791.0,22917.96,179.78,88808.85,163.02,494.0,0.0,0.0,6.71,1766324.65,8870.4,500.0,247000.0,494.0,0.0,0.0,3.88,3.88,10.0,0.0,80.0
260,Gevra,East Section,Between UK (B) and LK (T),42 cum shovel CAT and PV,2023-05-04,16:48:43,SANDSTONE,2.35,8.5,381.0,9.0,19.0,6.35,19.0,0.0,0.0,6.0,19,11,1.15,6.64,870.0,0.0,0.0,0,0.01,64898.78,27616.5,16568.0,179.78,64898.78,120.65,361.0,0.0,0.0,6.71,1278335.58,5922.0,500.0,180500.0,361.0,0.0,0.0,3.92,3.92,10.0,0.0,80.0
261,Gevra,East Section,Between UK (B) and LK (T),42 cum shovel CAT and PV,2023-05-02,16:54:42,SANDSTONE,2.35,8.5,381.0,9.0,19.0,6.42,19.0,0.0,0.0,5.0,25,11,1.15,6.57,861.2,0.0,0.0,0,0.01,85393.13,36337.5,21572.5,179.78,85393.13,160.5,475.0,0.0,0.0,6.71,1663533.55,8820.0,500.0,237500.0,475.0,0.0,0.0,3.96,3.96,10.0,0.0,80.0
263,Gevra,East Section,Between UK (B) and LK (T),42 cum shovel CAT and PV,2023-06-05,11:58:01,SANDSTONE,2.35,8.5,381.0,9.0,19.0,6.65,19.0,0.0,0.0,7.0,27,11,1.15,6.34,831.09,0.0,0.0,0,0.01,92224.58,39244.5,22481.28,179.78,92224.58,179.55,513.0,0.0,0.0,6.71,1733286.0,8618.4,500.0,256500.0,513.0,0.0,0.0,4.1,4.1,10.0,0.0,80.0
264,Gevra,East Section,Between UK (B) and LK (T),42 cum shovel CAT and PV,2023-06-05,12:08:51,SANDSTONE,2.35,8.0,381.0,10.0,19.0,6.0,19.0,0.0,0.0,5.0,22,11,1.15,6.79,889.58,0.0,0.0,0,0.01,78584.0,33440.0,19606.4,188.0,78584.0,132.0,418.0,0.0,0.0,6.71,1511520.83,6552.0,500.0,209000.0,418.0,0.0,0.0,4.01,4.01,10.0,0.0,80.0
265,Gevra,East Section,Between UK (B) and LK (T),42 cum shovel CAT and PV,2023-06-06,12:19:27,SANDSTONE,2.35,8.5,381.0,9.0,19.0,6.87,19.0,0.0,0.0,6.0,24,11,1.15,6.12,802.5,0.0,0.0,0,0.01,81977.4,34884.0,19294.32,179.78,81977.4,164.88,456.0,0.0,0.0,6.71,1487361.0,7610.4,500.0,228000.0,456.0,0.0,0.0,4.25,4.25,10.0,0.0,80.0
266,Gevra,East Section,Between UK (B) and LK (T),42 cum shovel CAT and PV,2023-06-06,12:31:43,SANDSTONE,2.35,8.0,381.0,9.0,19.0,6.0,19.0,0.0,0.0,6.0,24,11,1.15,0.0,800.0,0.0,0.0,0,0.0,77155.2,32832.0,19240.08,169.2,77155.2,144.0,456.0,0.0,0.0,6.71,1483963.0,8895.6,500.0,228000.0,456.0,0.0,0.0,4.01,4.01,10.0,0.0,80.0
267,Gevra,East Section,Between UK (B) and LK (T),42 cum shovel CAT and PV,2023-05-01,13:44:04,SANDSTONE,2.35,8.25,381.0,9.0,19.0,6.74,19.0,0.0,0.0,4.0,28,11,1.15,6.25,818.92,0.0,0.0,0,0.01,92827.35,39501.0,22975.68,174.49,92827.35,188.72,532.0,0.0,0.0,6.71,1771826.0,10357.2,500.0,266000.0,532.0,0.0,0.0,4.04,4.04,10.0,0.0,80.0
268,Gevra,East Section,Between UK (B) and LK (T),42 cum shovel CAT and PV,2023-05-07,13:53:31,SANDSTONE,2.35,8.5,381.0,9.0,17.5,5.33,17.5,0.0,0.0,5.0,15,11,1.15,6.16,806.6,0.0,0.0,0,0.01,47190.94,20081.25,12123.0,179.78,47190.94,79.95,262.5,0.0,0.0,6.71,934863.9,5115.6,500.0,131250.0,262.5,0.0,0.0,3.89,3.89,10.0,0.0,80.0
269,Gevra,East Section,Between UK (B) and LK (T),42 cum shovel CAT and PV,2023-05-07,14:01:56,SANDSTONE,2.35,8.5,381.0,9.0,18.0,5.89,18.0,0.0,0.0,4.0,13,11,1.15,6.1,800.0,0.0,0.0,0,0.01,42067.35,17901.0,10420.93,179.78,42067.35,76.57,234.0,0.0,0.0,6.71,803649.1,4082.4,500.0,117000.0,234.0,0.0,0.0,4.04,4.04,10.0,0.0,80.0
272,Gevra,East Section,Between UK (B) and LK (T),42 cum shovel CAT and PV,2023-05-09,15:57:11,SANDSTONE,2.35,8.9,381.0,9.0,19.0,5.81,19.0,0.0,0.0,6.0,24,11,1.15,7.18,940.8,0.0,0.0,0,0.01,85835.16,36525.6,22619.28,188.24,85835.16,139.44,456.0,0.0,0.0,6.71,1743655.0,22971.6,500.0,228000.0,456.0,0.0,0.0,3.79,3.79,10.0,0.0,80.0
273,Gevra,East Section,Between UK (B) and LK (T),42 cum shovel CAT and PV,2023-05-09,16:03:19,SANDSTONE,2.35,8.5,381.0,8.5,19.0,6.5,19.0,0.0,0.0,6.0,12,11,1.15,6.49,850.0,0.0,0.0,0,0.01,38711.55,16473.0,10218.72,169.79,38711.55,78.0,228.0,0.0,0.0,6.71,787813.6,12330.0,500.0,114000.0,228.0,0.0,0.0,3.79,3.79,10.0,0.0,80.0
274,Gevra,East Section,Between UK (B) and LK (T),42 cum shovel CAT and PV,2023-05-14,16:07:59,SANDSTONE,2.35,8.5,381.0,9.0,19.0,6.0,19.0,0.0,0.0,2.0,9,11,1.15,0.0,900.0,0.0,0.0,0,0.0,30741.53,13081.5,8116.11,179.78,30741.53,54.0,171.0,0.0,0.0,6.71,625878.8,8925.0,500.0,85500.0,171.0,0.0,0.0,3.79,3.79,10.0,0.0,80.0
275,Gevra,East Section,Between UK (B) and LK (T),42 cum shovel CAT and PV,2023-05-14,16:14:30,SANDSTONE,2.35,9.0,381.0,9.0,19.5,6.44,19.5,0.0,0.0,7.0,34,11,1.15,7.05,923.23,0.0,0.0,0,0.01,126202.05,53703.0,31451.02,190.35,126202.05,218.96,663.0,0.0,0.0,6.71,2425200.0,11264.4,500.0,331500.0,663.0,0.0,0.0,4.01,4.01,10.0,0.0,80.0
276,Gevra,East Section,Between UK (B) and LK (T),42 cum shovel CAT and PV,2023-05-15,16:19:42,SANDSTONE,2.35,8.5,381.0,8.5,18.0,6.0,18.0,0.0,0.0,3.0,30,11,1.15,6.1,800.0,0.0,0.0,0,0.01,91685.25,39015.0,24049.5,169.79,91685.25,180.0,540.0,0.0,0.0,6.71,1854827.67,29322.0,500.0,270000.0,540.0,0.0,0.0,3.81,3.81,10.0,0.0,80.0
277,Gevra,East Section,Between UK (B) and LK (T),42 cum shovel CAT and PV,2023-05-15,16:27:10,SANDSTONE,2.35,8.0,381.0,9.0,19.0,7.65,19.0,0.0,0.0,2.0,14,11,1.15,5.34,700.0,0.0,0.0,0,0.01,45007.2,19152.0,9819.6,169.2,45007.2,107.1,266.0,0.0,0.0,6.71,757258.9,12944.4,500.0,133000.0,266.0,0.0,0.0,4.58,4.58,10.0,0.0,80.0
280,Gevra,East Section,Between UK (B) and LK (T),42 cum shovel CAT and PV,2023-06-07,10:30:35,SANDSTONE,2.35,8.5,381.0,9.0,19.0,6.37,19.0,0.0,0.0,5.0,47,11,1.15,6.62,868.08,0.0,0.0,0,0.01,160539.08,68314.5,40881.07,179.78,160539.08,299.39,893.0,0.0,0.0,6.71,3152590.0,16934.4,500.0,446500.0,893.0,0.0,0.0,3.93,3.93,10.0,0.0,80.0
281,Gevra,East Section,Between UK (B) and LK (T),42 cum shovel CAT and PV,2023-06-07,10:42:55,SANDSTONE,2.35,9.0,381.0,9.0,17.2,4.88,17.0,0.0,0.0,3.0,24,11,1.15,6.31,826.75,0.0,0.0,0,0.01,77662.8,33048.0,19882.08,188.14,77662.8,117.12,412.8,0.0,0.0,6.71,1533301.0,21751.2,500.0,206400.0,412.8,0.0,0.0,3.91,3.91,10.0,0.0,80.0
283,Gevra,East Section,Between UK (B) and LK (T),42 cum shovel CAT and PV,2023-04-12,11:53:56,SANDSTONE,2.35,8.3,381.0,10.0,18.6,5.89,18.6,0.0,0.0,2.0,14,11,1.15,6.7,877.85,0.0,0.0,0,0.01,50791.02,21613.2,12314.12,195.05,50791.02,82.46,260.4,0.0,0.0,6.71,949581.0,17076.96,500.0,95000.0,260.4,0.0,0.0,4.12,4.12,10.0,0.0,80.0
284,Gevra,East Section,Between UK (B) and LK (T),42 cum shovel CAT and PV,2023-04-12,11:59:26,SANDSTONE,2.35,8.5,381.0,9.0,19.0,6.0,19.0,0.0,0.0,4.0,33,11,1.15,0.0,890.9,0.0,0.0,0,0.0,112718.93,47965.5,29457.45,179.78,112718.93,198.0,627.0,0.0,0.0,6.71,2271533.0,44115.48,500.0,95000.0,627.0,0.0,0.0,3.83,3.83,10.0,0.0,80.0
285,Gevra,East Section,Between UK (B) and LK (T),42 cum shovel CAT and PV,2023-04-14,12:15:30,SANDSTONE,2.35,8.5,381.0,9.5,19.0,6.0,19.0,0.0,0.0,4.0,23,11,1.15,6.87,900.5,0.0,0.0,0,0.01,82926.21,35287.75,20749.91,189.76,82926.21,138.0,437.0,0.0,0.0,6.71,1599770.23,29884.68,500.0,95000.0,437.0,0.0,0.0,4.0,4.0,10.0,0.0,80.0
286,Gevra,East Section,Between UK (B) and LK (T),42 cum shovel CAT and PV,2023-04-14,12:25:08,SANDSTONE,2.35,8.5,381.0,9.0,18.0,6.0,18.0,0.0,0.0,4.0,24,11,1.15,0.0,875.0,0.0,0.0,0,0.0,77662.8,33048.0,21038.4,179.78,77662.8,144.0,432.0,0.0,0.0,6.71,1621939.0,24192.36,500.0,95000.0,432.0,0.0,0.0,3.69,3.69,10.0,0.0,80.0
287,Gevra,East Section,Between UK (B) and LK (T),42 cum shovel CAT and PV,2023-04-15,12:51:09,SANDSTONE,2.35,8.5,381.0,9.0,19.5,6.0,19.5,0.0,0.0,5.0,25,11,1.15,0.0,921.2,0.0,0.0,0,0.0,87640.31,37293.75,23074.75,179.77,87640.31,150.0,487.5,0.0,0.0,6.71,1779283.0,27750.06,500.0,95000.0,487.5,0.0,0.0,3.8,3.8,10.0,0.0,80.0
288,Gevra,East Section,Between UK (B) and LK (T),42 cum shovel CAT and PV,2023-04-15,12:55:42,SANDSTONE,2.35,8.6,381.0,9.0,19.0,6.01,19.0,0.0,0.0,3.0,22,11,1.15,6.98,914.5,0.0,0.0,0,0.01,76030.02,32353.2,20157.94,181.89,76030.02,132.22,418.0,0.0,0.0,6.71,1554348.0,31307.76,500.0,95000.0,418.0,0.0,0.0,3.77,3.77,10.0,0.0,80.0
290,Gevra,East Section,Between UK and LK (C) (OB),42 cum shovel CAT and PV,2023-06-08,14:50:59,SANDSTONE,2.35,8.0,381.0,8.75,16.0,6.01,16.0,0.0,0.0,5.0,75,11,1.15,4.98,652.0,0.0,0.0,0,0.01,197400.0,84000.0,49012.5,164.5,197400.0,450.75,1200.0,0.0,0.0,6.71,3781664.0,19882.8,500.0,95000.0,1200.0,0.0,0.0,4.03,4.03,5.0,5.0,90.0
325,Gevra,East Section,Between UK (B) and LK (T),42 cum shovel CAT and PV,2023-06-12,11:24:42,SANDSTONE,2.35,8.5,381.0,10.5,20.0,6.3,19.5,40.0,0.0,7.0,52,11,1.15,6.9,850.0,0.0,0.0,0,0.8,106336.91,45249.75,22145.5,204.49,106336.91,163.8,520.0,10.0,0.0,12.45,1707749.03,7418.4,500.0,0.0,520.0,0.0,0.0,4.8,4.8,10.0,0.0,80.0
326,Gevra,East Section,Between UK (B) and LK (T),42 cum shovel CAT and PV,2023-06-12,11:25:00,SANDSTONE,2.35,7.78,381.0,11.87,19.5,5.84,20.0,40.0,0.0,4.0,33,11,1.15,6.86,850.0,0.0,0.0,0,0.8,143232.69,60950.08,28107.75,222.58,0.0,192.72,643.5,0.0,0.0,6.71,2167528.0,8299.2,0.0,0.0,643.5,0.0,0.0,0.0,5.1,10.0,10.0,80.0
359,Gevra,East Section,Between UK (B) and LK (T),42 cum shovel CAT and PV,2023-06-15,03:28:13,SANDSTONE,2.35,8.5,381.0,11.08,19.5,6.22,20.0,250.0,0.0,6.0,47,11,1.15,6.48,815.46,0.0,0.0,0,0.8,208043.62,88529.2,38408.87,227.0,208043.62,292.34,916.5,20.0,2.0,61.0,2962344.0,11830.8,500.0,458250.0,916.5,0.0,0.0,5.42,5.42,10.0,10.0,80.0
364,Gevra,East Section,Between UK (B) and LK (T),42 cum shovel CAT and PV,2023-06-16,12:09:42,SANDSTONE,2.35,8.17,381.0,9.74,19.5,5.84,19.5,40.0,0.0,7.0,40,11,1.15,6.86,884.05,0.0,0.0,0,0.8,145862.43,62069.12,35432.0,187.0,145862.43,233.6,780.0,30.0,0.0,6.71,2731962.0,12843.6,500.0,390000.0,780.0,0.0,0.0,4.12,4.12,10.0,10.0,80.0
373,Gevra,East Section,Between UK (B) and LK (T),42 cum shovel CAT and PV,2023-06-16,11:02:14,SANDSTONE,2.35,7.27,381.0,10.06,19.5,6.0,19.5,40.0,0.0,3.0,10,11,1.15,7.25,890.07,0.0,0.0,0,0.4,33514.67,14261.56,8918.2,171.87,33514.67,60.0,195.0,20.0,0.0,6.71,687616.4,2293.8,500.0,97500.0,195.0,0.0,0.0,3.76,3.76,10.0,10.0,80.0
444,Gevra,East Section,Between UK (B) and LK (T),42 cum shovel CAT and PV,2023-06-18,11:04:11,SANDSTONE,2.35,8.22,381.0,9.75,19.0,6.38,19.0,250.0,0.0,4.0,22,11,1.15,6.63,870.13,0.0,0.0,0,0.8,78726.43,33500.61,19181.36,188.34,78726.43,140.36,418.0,0.0,0.0,6.71,1479047.77,6810.6,500.0,209000.0,418.0,0.0,0.0,4.1,4.1,10.0,10.0,80.0
488,Gevra,East Section,Between UK (B) and LK (T),42 cum shovel CAT and PV,2023-06-20,01:14:02,SANDSTONE,2.35,5.92,381.0,10.44,19.5,6.82,19.5,250.0,0.0,3.0,21,11,1.15,6.23,816.82,0.0,0.0,0,0.8,59476.31,25309.07,17189.97,145.24,59476.31,143.22,409.5,50.0,0.0,17.5,1325795.0,7418.4,500.0,204750.0,409.5,0.0,0.0,3.46,3.46,10.0,10.0,80.0
567,Gevra,East Section,Between UK and LK (C) (OB),42 cum shovel CAT and PV,2023-06-25,04:07:29,SANDSTONE,2.35,6.42,381.0,10.13,19.0,6.13,19.0,100.0,0.0,2.0,8,11,1.15,6.86,900.27,0.0,0.0,0,0.8,23230.36,9885.26,7216.16,152.83,23230.36,49.04,152.0,0.0,0.0,6.71,556363.3,1411.2,500.0,76000.0,152.0,0.0,0.0,3.22,3.22,10.0,10.0,80.0
631,Gevra,East Section,Between UK (B) and LK (T),42 cum shovel CAT and PV,2023-06-27,10:38:54,SANDSTONE,2.35,6.25,381.0,9.7,19.0,6.74,19.0,40.0,0.0,6.0,26,11,1.15,6.26,820.33,0.0,0.0,0,0.8,70379.56,29948.75,21374.08,142.47,70379.56,175.24,494.0,0.0,0.0,6.71,1648473.0,12147.6,500.0,247000.0,494.0,0.0,0.0,3.29,3.29,10.0,10.0,80.0
638,Gevra,East Section,Between UK (B) and LK (T),42 cum shovel CAT and PV,2023-06-27,11:53:27,SANDSTONE,2.35,6.67,381.0,9.52,19.0,6.13,19.0,40.0,0.0,5.0,21,11,1.15,6.86,900.27,0.0,0.0,0,0.8,59539.27,25335.86,18942.42,149.22,59539.27,128.73,399.0,0.0,0.0,6.71,1460453.44,9892.8,500.0,199500.0,399.0,0.0,0.0,3.14,3.14,10.0,10.0,80.0
640,Gevra,East Section,Between UK (B) and LK (T),42 cum shovel CAT and PV,2023-06-25,12:38:46,SANDSTONE,2.35,8.0,381.0,9.0,14.5,10.44,14.5,0.0,0.0,5.0,22,11,1.15,4.05,531.0,0.0,0.0,0,0.01,53974.8,22968.0,11706.2,169.2,53974.8,229.68,319.0,0.0,0.0,6.71,902859.7,3216.6,500.0,159500.0,319.0,0.0,0.0,4.61,4.61,10.0,0.0,80.0
641,Gevra,East Section,Between UK (B) and LK (T),42 cum shovel CAT and PV,2023-06-25,13:56:32,SANDSTONE,2.35,7.0,381.0,8.0,7.0,5.81,7.0,0.0,0.0,5.0,20,11,1.15,1.19,156.0,0.0,0.0,0,0.0,18424.0,7840.0,3127.4,131.6,13818.0,116.2,140.0,0.0,0.0,6.71,241330.88,4869.6,500.0,70000.0,140.0,0.0,0.0,4.42,5.89,10.0,0.0,80.0
643,Gevra,East Section,Between UK (B) and LK (T),42 cum shovel CAT and PV,2023-06-27,14:07:06,SANDSTONE,2.35,4.0,159.0,4.5,7.0,4.15,7.0,0.0,0.0,4.0,12,11,1.15,2.85,65.0,0.0,0.0,0,0.0,3553.2,1512.0,781.2,42.3,3553.2,49.8,84.0,0.0,0.0,6.71,60195.79,3016.2,500.0,42000.0,84.0,0.0,0.0,4.55,4.55,10.0,0.0,80.0
645,Gevra,East Section,Between UK (B) and LK (T),42 cum shovel CAT and PV,2023-06-26,11:04:19,SANDSTONE,2.35,8.5,381.0,9.0,19.0,19.0,19.0,0.0,0.0,7.0,13,11,1.15,0.0,820.0,0.0,0.0,0,0.0,44404.43,18895.5,10679.5,179.78,0.0,247.0,247.0,0.0,0.0,6.71,823328.87,4775.4,500.0,95000.0,247.0,0.0,0.0,0.0,4.16,10.0,0.0,80.0
646,Gevra,East Section,Between UK (B) and LK (T),42 cum shovel CAT and PV,2023-06-28,11:35:57,SANDSTONE,2.35,5.2,270.0,5.5,6.0,4.78,6.0,0.0,0.0,2.0,8,11,1.15,1.22,80.0,0.0,0.0,0,0.0,3226.08,1372.8,640.8,67.21,3226.08,38.24,48.0,0.0,0.0,6.71,49352.53,2071.8,500.0,24000.0,48.0,0.0,0.0,5.03,5.03,10.0,0.0,80.0
647,Gevra,East Section,Between UK (B) and LK (T),42 cum shovel CAT and PV,2023-06-26,12:03:37,SANDSTONE,2.35,4.5,159.0,4.5,5.8,3.39,5.8,0.0,0.0,4.0,18,11,1.15,2.41,55.0,0.0,0.0,0,0.0,4968.14,2114.1,991.8,47.59,4968.14,61.02,104.4,0.0,0.0,6.71,76460.69,4291.2,500.0,52200.0,104.4,0.0,0.0,5.01,5.01,10.0,0.0,80.0
648,Gevra,East Section,Between UK (B) and LK (T),42 cum shovel CAT and PV,2023-06-24,12:31:35,SANDSTONE,2.35,8.0,381.0,8.0,12.0,8.57,12.0,0.0,0.0,6.0,23,11,1.15,3.43,450.0,0.0,0.0,0,0.0,41510.4,17664.0,10352.3,150.4,41510.4,197.11,276.0,0.0,0.0,6.71,795882.0,5560.2,500.0,138000.0,276.0,0.0,0.0,4.01,4.01,10.0,0.0,80.0
649,Gevra,East Section,Between UK (B) and LK (T),42 cum shovel CAT and PV,2023-06-24,12:40:55,SANDSTONE,2.35,6.5,381.0,6.8,8.0,8.0,8.0,0.0,0.0,6.0,24,11,1.15,0.0,198.8,0.0,0.0,0,0.0,19943.04,8486.4,4779.6,103.87,19943.04,192.0,192.0,0.0,0.0,6.71,368436.3,5562.0,500.0,96000.0,192.0,0.0,0.0,4.17,4.17,10.0,0.0,80.0
650,Gevra,East Section,Between UK (B) and LK (T),42 cum shovel CAT and PV,2023-06-24,12:46:44,SANDSTONE,2.35,8.5,381.0,9.0,19.0,12.68,19.0,0.0,0.0,3.0,14,11,1.15,6.32,828.57,0.0,0.0,0,0.0,47820.15,20349.0,11620.98,179.78,47820.15,177.52,266.0,0.0,0.0,6.71,895882.3,3453.0,500.0,133000.0,266.0,0.0,0.0,4.11,4.11,10.0,0.0,80.0
652,Gevra,East Section,Between UK (B) and LK (T),42 cum shovel CAT and PV,2023-06-23,13:00:09,SANDSTONE,2.35,8.5,381.0,9.0,19.0,14.51,19.0,0.0,0.0,5.0,19,11,1.15,4.48,586.8,0.0,0.0,0,0.01,64898.78,27616.5,11170.1,179.78,0.0,275.69,361.0,0.0,0.0,6.71,861218.8,9859.2,500.0,180500.0,361.0,0.0,0.0,0.0,5.81,10.0,0.0,80.0
657,Gevra,East Section,Between UK and LK (C) (OB),42 cum shovel CAT and PV,2023-06-29,01:26:18,SANDSTONE,2.35,7.98,381.0,10.57,19.0,6.5,19.0,40.0,0.0,4.0,11,11,1.15,6.49,850.0,0.0,0.0,0,0.01,41427.82,17628.86,9369.25,198.22,41427.82,71.5,209.0,10.0,0.0,6.71,722602.7,3327.0,500.0,104500.0,209.0,0.0,0.0,4.42,4.42,10.0,10.0,80.0
658,Gevra,East Section,Between UK (B) and LK (T),42 cum shovel CAT and PV,2023-06-28,11:33:59,SANDSTONE,2.35,8.0,381.0,9.0,19.0,6.45,19.0,0.0,0.0,4.0,16,11,1.15,6.29,823.7,0.0,0.0,0,0.01,51436.8,21888.0,13206.88,169.2,51436.8,103.2,304.0,0.0,0.0,6.71,1018653.0,3160.8,500.0,0.0,304.0,0.0,0.0,3.89,3.89,10.0,0.0,80.0
659,Gevra,East Section,Between UK (B) and LK (T),42 cum shovel CAT and PV,2023-06-28,11:54:17,SANDSTONE,2.35,4.0,159.0,5.0,6.9,4.27,7.0,0.0,0.0,10.0,12,11,1.15,2.63,60.0,0.0,0.0,0,0.0,3891.6,1656.0,721.2,47.0,3891.6,51.24,82.8,0.0,0.0,6.71,55584.79,3016.2,500.0,41400.0,82.8,0.0,0.0,5.4,5.4,10.0,0.0,80.0
661,Gevra,East Section,Between UK (B) and LK (T),42 cum shovel CAT and PV,2023-06-29,10:48:21,SANDSTONE,2.35,9.0,159.0,9.5,18.8,12.8,18.8,0.0,0.0,4.0,35,11,1.15,0.0,904.7,0.0,0.0,0,0.0,132208.65,56259.0,31725.75,200.93,132208.65,448.0,658.0,0.0,0.0,6.71,2458570.0,14271.6,500.0,329000.0,658.0,0.0,0.0,4.17,4.17,10.0,0.0,80.0
663,Gevra,East Section,Between UK (B) and LK (T),42 cum shovel CAT and PV,2023-06-29,11:23:01,SANDSTONE,2.35,2.5,159.0,2.8,5.0,3.25,5.0,0.0,0.0,4.0,16,11,1.15,1.75,40.0,0.0,0.0,0,0.0,1316.0,560.0,641.6,16.45,1316.0,52.0,80.0,0.0,0.0,6.71,49521.06,2320.8,500.0,40000.0,80.0,0.0,0.0,2.05,2.05,10.0,0.0,80.0
665,Gevra,Contractual Patches,LK,Godhara Patch Gem 481,2023-06-29,11:44:15,SANDSTONE,2.35,4.5,165.0,5.0,6.0,4.03,6.0,0.0,0.0,7.0,130,11,1.15,1.96,48.18,0.0,0.0,0,0.01,41242.5,17550.0,6285.5,52.88,41242.5,523.9,780.0,0.0,0.0,6.71,485997.88,129606.6,500.0,390000.0,780.0,0.0,0.0,6.56,6.56,10.0,0.0,80.0
793,Gevra,East Section,Between UK (B) and LK (T),42 cum shovel CAT and PV,2023-06-30,10:10:49,SANDSTONE,2.35,4.5,259.0,5.0,9.5,7.53,9.5,0.0,0.0,8.0,41,11,1.15,1.97,119.5,0.0,0.0,0,0.0,20594.81,8763.75,4907.7,52.87,20594.81,308.73,389.5,0.0,0.0,6.71,211440.3,1748.8,500.0,95000.0,389.5,0.0,0.0,4.2,4.2,10.0,0.0,80.0
794,Gevra,East Section,Between UK (B) and LK (T),42 cum shovel CAT and PV,2023-06-30,10:24:28,SANDSTONE,2.35,4.0,160.0,4.5,7.0,4.19,7.0,0.0,0.0,9.0,45,11,1.15,2.81,65.0,0.0,0.0,0,0.0,13324.5,5670.0,2929.5,42.3,13324.5,188.55,315.0,0.0,0.0,6.71,126178.9,2325.24,500.0,157500.0,315.0,0.0,0.0,4.55,4.55,10.0,0.0,80.0
797,Gevra,Contractual Patches,LK,Godhara Patch Gem 481,2023-06-30,10:40:47,SANDSTONE,2.35,4.0,159.0,4.0,6.0,4.07,6.0,0.0,0.0,34.0,274,11,1.15,1.93,44.0,0.0,0.0,0,0.0,61814.4,26304.0,12083.4,37.6,61814.4,1115.18,1644.0,0.0,0.0,6.71,521212.4,13056.2,500.0,822000.0,1644.0,0.0,0.0,5.12,5.12,10.0,0.0,80.0
803,Gevra,East Section,LK seam,42 cum shovel CAT and PV,2023-06-30,11:02:56,SANDSTONE,2.35,3.9,159.0,4.0,5.7,3.6,5.7,0.0,0.0,38.0,346,11,1.15,2.1,48.0,0.0,0.0,0,0.0,72300.85,30766.32,16642.6,36.66,72300.85,1245.6,1972.2,0.0,0.0,6.71,962736.4,38345.16,500.0,986100.0,1972.2,0.0,0.0,4.34,4.34,10.0,0.0,80.0
808,Gevra,East Section,Between UK (B) and LK (T),42 cum shovel CAT and PV,2023-06-30,11:21:56,SANDSTONE,2.35,9.0,381.0,9.5,19.0,5.97,19.0,0.0,0.0,3.0,12,11,1.15,7.02,920.0,0.0,0.0,0,0.01,45810.9,19494.0,11061.6,200.93,45810.9,71.64,228.0,0.0,0.0,6.71,639789.0,2449.1,500.0,114000.0,228.0,0.0,0.0,4.14,4.14,10.0,0.0,80.0
814,Gevra,Contractual Patches,LK,Godhara Patch Gem 481,2023-06-30,11:41:23,SANDSTONE,2.35,4.0,159.0,5.0,5.8,3.61,5.8,0.0,0.0,20.0,183,11,1.15,2.19,50.0,0.0,0.0,0,0.0,49885.8,21228.0,9168.3,47.0,49885.8,660.63,1061.4,0.0,0.0,6.71,395257.1,9065.02,500.0,530700.0,1061.4,0.0,0.0,5.44,5.44,10.0,0.0,80.0
819,Gevra,Contractual Patches,LK,Godhara Patch Gem 481,2023-06-30,11:58:56,SANDSTONE,2.35,4.0,165.0,405.0,6.0,4.03,6.0,0.0,0.0,50.0,504,11,1.15,1.97,48.5,0.0,0.0,0,0.0,127915.2,54432.0,24494.4,42.3,11512368.0,2031.12,3024.0,0.0,0.0,6.71,1056114.36,74785.98,500.0,1512000.0,3024.0,0.0,0.0,470.0,5.22,10.0,0.0,80.0
826,Gevra,East Section,LK Bottom seam,42 cum shovel CAT and PV,2023-06-30,12:29:41,SANDSTONE,2.35,4.0,159.0,5.0,7.0,4.59,7.0,0.0,0.0,11.0,55,11,1.15,2.41,55.0,0.0,0.0,0,0.0,18095.0,7700.0,3030.5,47.0,18095.0,252.45,385.0,0.0,0.0,6.71,130601.6,2923.2,500.0,192500.0,385.0,0.0,0.0,5.97,5.97,10.0,0.0,80.0
827,Gevra,Contractual Patches,LK,Godhara Patch Gem 481,2023-07-01,12:40:17,SANDSTONE,2.35,4.0,159.0,4.5,6.0,3.84,6.0,0.0,0.0,43.0,430,11,1.15,2.16,49.25,0.0,0.0,0,0.0,109134.0,46440.0,21220.5,42.3,109134.0,1651.2,2580.0,0.0,0.0,6.71,914898.1,20825.68,500.0,1290000.0,2580.0,0.0,0.0,5.14,5.14,10.0,0.0,80.0
828,Gevra,Contractual Patches,LK,Godhara Patch Gem 481,2023-07-01,12:58:52,SANDSTONE,2.35,4.0,165.0,4.5,6.0,3.97,6.0,0.0,0.0,32.0,325,11,1.15,2.03,50.0,0.0,0.0,0,0.0,82485.0,35100.0,16282.5,42.3,82485.0,1290.25,1950.0,0.0,0.0,6.71,699170.6,16430.4,500.0,975000.0,1950.0,0.0,0.0,5.07,5.07,10.0,0.0,80.0
829,Gevra,Contractual Patches,LK,Godhara Patch Gem 481,2023-07-01,13:10:47,SANDSTONE,2.35,4.0,165.0,4.5,3.5,2.69,3.5,0.0,0.0,10.0,104,11,1.15,0.81,20.0,0.0,0.0,0,0.0,15397.2,6552.0,2090.4,42.3,15397.2,279.76,364.0,0.0,0.0,6.71,90654.2,5423.04,500.0,182000.0,364.0,0.0,0.0,7.37,7.37,10.0,0.0,80.0
831,Gevra,Contractual Patches,LK Bottom Seam,Godhara Patch Gem 481,2023-07-05,10:40:55,SANDSTONE,2.35,4.0,159.0,5.0,6.0,3.99,6.0,0.0,0.0,9.0,216,11,1.15,2.01,45.8,0.0,0.0,0,0.0,60912.0,25920.0,9914.4,47.0,60912.0,861.84,1296.0,0.0,0.0,6.71,427577.8,9878.4,500.0,648000.0,1296.0,0.0,0.0,6.14,6.14,10.0,0.0,80.0
832,Gevra,Contractual Patches,LK Bottom Seam,Godhara Patch Gem 481,2023-07-02,11:03:17,SANDSTONE,2.35,4.0,159.0,4.0,6.0,3.96,6.0,0.0,0.0,20.0,260,11,1.15,2.04,46.53,0.0,0.0,0,0.0,58656.0,24960.0,12123.8,37.6,58656.0,1029.6,1560.0,0.0,0.0,6.71,522827.0,11491.2,500.0,95000.0,1560.0,0.0,0.0,4.84,4.84,10.0,0.0,80.0
833,Gevra,East Section,LK Bottom seam,42 cum shovel CAT and PV,2023-07-02,11:30:44,SANDSTONE,2.35,3.0,159.0,4.0,7.0,5.25,7.0,0.0,0.0,2.0,5,11,1.15,1.75,40.0,0.0,0.0,0,0.0,987.0,420.0,200.5,28.2,987.0,26.25,35.0,0.0,0.0,6.71,8652.38,403.2,500.0,17500.0,35.0,0.0,0.0,4.92,4.92,10.0,0.0,80.0
834,Gevra,East Section,LK Bottom seam,42 cum shovel CAT and PV,2023-07-02,11:53:44,SANDSTONE,2.35,8.25,381.0,9.0,19.0,19.0,19.0,0.0,0.0,3.0,27,11,1.15,0.0,760.0,0.0,0.0,0,0.0,89512.09,38090.25,27270.0,174.49,89512.09,513.0,513.0,0.0,0.0,6.71,2053066.5,7338.24,500.0,95000.0,513.0,0.0,0.0,3.28,3.28,10.0,0.0,80.0
835,Gevra,East Section,Between UK (B) and LK (T),42 cum shovel CAT and PV,2023-07-06,10:55:36,SANDSTONE,2.35,7.58,381.0,8.52,19.0,6.51,20.0,40.0,0.0,4.0,18,11,1.15,6.48,850.46,0.0,0.0,0,0.8,54636.04,23249.38,15339.78,159.75,54636.04,117.18,342.0,15.0,0.0,6.71,887343.4,2970.72,500.0,171000.0,342.0,0.0,0.0,3.56,3.56,10.0,0.0,80.0
836,Gevra,East Section,Between UK (B) and LK (T),42 cum shovel CAT and PV,2023-07-06,11:58:03,SANDSTONE,2.35,6.14,381.0,10.03,19.0,6.09,19.0,40.0,0.0,4.0,19,11,1.15,6.48,850.46,0.0,0.0,0,0.8,52244.97,22231.9,16191.99,144.72,52244.97,115.71,361.0,100.0,0.0,6.71,936640.3,3300.8,500.0,180500.0,361.0,0.0,0.0,3.23,3.23,10.0,10.0,80.0
837,Gevra,East Section,Between UK (B) and LK (T),42 cum shovel CAT and PV,2023-07-06,11:58:35,SANDSTONE,2.35,6.69,381.0,9.61,19.0,6.51,19.0,40.0,0.0,5.0,29,11,1.15,6.48,850.46,0.0,0.0,0,0.8,83247.08,35424.29,24714.09,151.08,83247.08,188.79,551.0,60.0,0.0,6.71,1429609.0,4951.2,500.0,275500.0,551.0,0.0,0.0,3.37,3.37,10.0,10.0,80.0
838,Gevra,East Section,Between UK (B) and LK (T),42 cum shovel CAT and PV,2023-07-06,11:58:47,SANDSTONE,2.35,5.28,381.0,10.45,19.0,6.09,19.0,40.0,0.0,4.0,40,11,1.15,6.48,850.46,0.0,0.0,0,0.8,98544.34,41933.76,34088.4,129.66,98544.34,243.6,760.0,35.0,0.0,6.71,1971874.0,6766.64,500.0,380000.0,760.0,0.0,0.0,2.89,2.89,10.0,10.0,80.0
839,Gevra,East Section,Between UK (B) and LK (T),42 cum shovel CAT and PV,2023-07-06,11:59:00,SANDSTONE,2.35,8.85,381.0,7.14,19.0,6.09,19.0,40.0,0.0,6.0,31,11,1.15,6.48,850.46,0.0,0.0,0,0.8,87463.05,37218.32,26418.51,148.49,87463.05,188.79,589.0,28.0,0.0,6.71,1528203.0,4587.6,500.0,294500.0,589.0,0.0,0.0,3.31,3.31,10.0,10.0,80.0
842,Gevra,East Section,Between UK (B) and LK (T),42 cum shovel CAT and PV,2023-07-09,09:25:41,SANDSTONE,2.35,7.19,381.0,9.79,19.0,12.06,19.0,40.0,0.0,6.0,27,11,1.15,6.94,909.45,0.0,0.0,0,0.4,84858.78,36110.12,24602.4,165.42,0.0,325.62,513.0,0.0,2.0,18.0,1437669.41,5681.6,0.0,0.0,513.0,0.0,0.0,0.0,3.45,10.0,10.0,80.0
857,Gevra,Contractual Patches,LK Bottom Seam,Godhara Patch Gem 481,2023-07-08,12:39:08,SANDSTONE,2.35,4.0,159.0,4.2,6.0,3.81,6.0,0.0,0.0,12.0,120,11,1.15,2.19,50.0,0.0,0.0,0,0.0,28425.6,12096.0,6012.0,39.48,28425.6,457.2,720.0,0.0,0.0,6.71,347745.0,8474.88,500.0,360000.0,720.0,0.0,0.0,4.73,4.73,10.0,0.0,80.0
858,Gevra,Contractual Patches,LK Bottom Seam,Godhara Patch Gem 481,2023-07-08,12:50:10,SANDSTONE,2.35,3.9,159.0,4.2,5.5,3.61,5.5,0.0,0.0,11.0,110,11,1.15,1.89,43.09,0.0,0.0,0,0.0,23288.27,9909.9,4750.9,38.49,23288.27,397.1,605.0,0.0,0.0,6.71,274908.5,7832.48,500.0,302500.0,605.0,0.0,0.0,4.9,4.9,10.0,0.0,80.0
859,Gevra,East Section,Between UK (B) and LK (T),42 cum shovel CAT and PV,2023-07-08,12:55:12,SANDSTONE,2.35,5.5,381.0,6.0,8.0,7.24,8.0,0.0,0.0,4.0,27,11,1.15,0.76,100.0,0.0,0.0,0,0.0,16750.8,7128.0,2705.4,77.55,0.0,195.48,216.0,0.0,0.0,6.71,156485.3,3125.52,500.0,108000.0,216.0,0.0,0.0,0.0,6.19,10.0,0.0,80.0
860,Gevra,East Section,LK Bottom seam,42 cum shovel CAT and PV,2023-07-08,13:03:07,SANDSTONE,2.35,5.5,381.0,6.0,9.5,8.58,9.5,0.0,0.0,3.0,25,11,1.15,0.92,120.0,0.0,0.0,0,0.0,18418.13,7837.5,3005.0,77.55,18418.13,214.5,237.5,0.0,0.0,6.71,173743.8,4248.0,500.0,118750.0,237.5,0.0,0.0,6.13,6.13,10.0,0.0,80.0
862,Gevra,East Section,Between UK (B) and LK (T),42 cum shovel CAT and PV,2023-07-09,13:14:37,SANDSTONE,2.35,5.0,381.0,5.5,8.0,7.47,8.0,0.0,0.0,3.0,25,11,1.15,0.53,70.0,0.0,0.0,0,0.0,11750.0,5000.0,1754.0,58.75,12925.0,186.75,200.0,0.0,0.0,6.71,101490.0,4248.0,500.0,100000.0,200.0,0.0,0.0,7.37,6.7,10.0,0.0,80.0
863,Gevra,East Section,Between UK (B) and LK (T),42 cum shovel CAT and PV,2023-07-09,13:21:18,SANDSTONE,2.35,5.0,381.0,6.0,8.0,7.36,8.0,0.0,0.0,3.0,25,11,1.15,0.64,83.6,0.0,0.0,0,0.0,14100.0,6000.0,2095.0,70.5,14100.0,184.0,200.0,0.0,0.0,6.71,121236.75,4248.0,500.0,100000.0,200.0,0.0,0.0,6.73,6.73,10.0,0.0,80.0
864,Gevra,Contractual Patches,LK Bottom Seam,Godhara Patch Gem 481,2023-07-09,13:25:53,SANDSTONE,2.35,3.5,159.0,4.0,5.0,3.25,5.0,0.0,0.0,24.0,240,11,1.15,1.75,40.0,0.0,0.0,0,0.0,39480.0,16800.0,9624.0,32.9,0.0,780.0,1200.0,0.0,0.0,6.71,557010.0,16062.72,500.0,600000.0,1200.0,0.0,0.0,0.0,4.1,10.0,0.0,80.0
865,Gevra,Contractual Patches,LK Bottom Seam,Godhara Patch Gem 481,2023-07-09,13:34:38,SANDSTONE,2.35,2.0,159.0,2.5,4.5,4.13,4.5,0.0,0.0,11.0,113,11,1.15,0.33,7.6,0.0,0.0,0,0.04,5974.88,2542.5,971.8,11.75,0.0,466.69,508.5,0.0,0.0,6.71,51425.62,6479.6,500.0,254250.0,508.5,0.0,0.0,0.0,6.15,10.0,0.0,80.0
962,Gevra,East Section,Between UK (B) and LK (T),42 cum shovel CAT and PV,2023-07-12,01:01:37,SANDSTONE,2.35,6.91,381.0,9.87,19.0,12.51,19.0,40.0,0.0,5.0,22,11,1.15,6.48,850.47,0.0,0.0,0,0.4,66994.53,28508.31,18748.84,160.27,66994.53,275.22,418.0,15.0,0.0,7.14,1096565.12,6747.48,500.0,0.0,418.0,0.0,0.0,3.57,3.57,10.0,10.0,80.0
963,Gevra,East Section,Between UK (B) and LK (T),42 cum shovel CAT and PV,2023-07-11,01:01:54,SANDSTONE,2.35,10.58,381.0,9.57,19.0,12.67,19.0,40.0,0.0,3.0,20,11,1.15,6.32,829.51,0.0,0.0,0,0.4,90416.79,38475.23,16620.2,237.94,90416.79,253.4,380.0,0.0,0.0,6.71,961117.04,6123.2,500.0,190000.0,380.0,0.0,0.0,5.44,5.44,10.0,10.0,80.0
964,Gevra,East Section,Between UK (B) and LK (T),42 cum shovel CAT and PV,2023-07-13,12:46:27,SANDSTONE,2.35,9.5,381.0,10.0,19.0,12.5,19.0,0.0,0.0,3.0,16,11,1.15,6.49,850.0,0.0,0.0,0,0.01,67868.0,28880.0,13629.44,223.25,67868.0,200.0,304.0,0.0,0.0,6.71,788510.4,3608.32,500.0,152000.0,304.0,0.0,0.0,4.98,4.98,10.0,0.0,80.0
965,Gevra,East Section,Between UK (B) and LK (T),42 cum shovel CAT and PV,2023-07-13,12:51:29,SANDSTONE,2.35,9.5,381.0,11.0,19.0,12.54,19.0,0.0,0.0,3.0,17,11,1.15,6.45,845.0,0.0,0.0,0,0.01,79320.73,33753.5,14395.6,245.58,79320.73,213.18,323.0,0.0,0.0,6.71,832800.25,3733.04,500.0,161500.0,323.0,0.0,0.0,5.51,5.51,10.0,0.0,80.0
966,Gevra,East Section,Between UK (B) and LK (T),42 cum shovel CAT and PV,2023-07-13,12:57:04,SANDSTONE,2.35,4.0,159.0,4.5,6.5,4.31,6.5,0.0,0.0,4.0,16,11,1.15,2.19,50.0,0.0,0.0,0,0.0,4399.2,1872.0,801.6,42.3,4399.2,68.96,104.0,0.0,0.0,6.71,46366.0,1773.76,500.0,52000.0,104.0,0.0,0.0,5.49,5.49,10.0,0.0,80.0
967,Gevra,East Section,Between UK (B) and LK (T),42 cum shovel CAT and PV,2023-07-13,01:11:36,SANDSTONE,2.35,6.69,381.0,9.99,19.0,12.51,19.0,40.0,0.0,6.0,25,11,1.15,6.48,850.47,0.0,0.0,0,0.4,74602.44,31745.72,21305.5,157.06,74602.44,312.75,475.0,0.0,2.0,20.0,1232436.0,7654.0,500.0,237500.0,475.0,0.0,0.0,3.5,3.5,10.0,10.0,80.0
1006,Gevra,East Section,Between UK (B) and LK (T),42 cum shovel CAT and PV,2023-07-14,10:02:13,SANDSTONE,2.35,6.14,381.0,8.22,19.0,12.98,19.0,40.0,0.0,3.0,31,11,1.15,6.01,787.57,0.0,0.0,0,0.4,69859.16,29727.3,24468.92,118.61,69859.16,402.38,589.0,0.0,0.0,6.71,1432651.0,9467.04,500.0,294500.0,589.0,0.0,0.0,2.86,2.86,10.0,10.0,80.0
1007,Gevra,East Section,Between UK (B) and LK (T),42 cum shovel CAT and PV,2023-07-15,10:02:41,SANDSTONE,2.35,5.16,381.0,11.54,17.0,11.26,19.0,40.0,0.0,3.0,27,11,1.15,5.73,752.19,0.0,0.0,0,0.4,71786.16,30547.3,20356.38,156.4,71786.16,304.02,459.0,0.0,0.0,6.71,1192674.0,8218.48,500.0,229500.0,459.0,0.0,0.0,3.53,3.53,10.0,10.0,80.0
1008,Gevra,East Section,Between UK (B) and LK (T),42 cum shovel CAT and PV,2023-07-17,10:03:07,SANDSTONE,2.35,7.12,381.0,9.73,19.0,12.51,19.0,40.0,0.0,3.0,14,11,1.15,6.48,850.47,0.0,0.0,0,0.4,43305.42,18427.84,11931.08,162.8,43305.42,175.14,266.0,0.0,0.0,6.71,697814.2,4250.36,500.0,133000.0,266.0,0.0,0.0,3.63,3.63,10.0,10.0,80.0
1033,Gevra,East Section,Between UK (B) and LK (T),42 cum shovel CAT and PV,2023-07-18,02:13:42,SANDSTONE,2.35,6.15,381.0,8.59,10.71,7.18,19.0,40.0,0.0,3.0,31,11,1.15,2.64,345.95,0.0,0.0,0,0.4,73122.58,31115.99,10736.85,220.24,73122.58,222.58,332.01,0.0,0.0,6.71,624269.1,9108.24,500.0,166005.0,332.01,0.0,0.0,6.81,6.81,10.0,10.0,80.0
1048,Gevra,East Section,Between UK (B) and LK (T),42 cum shovel CAT and PV,2023-07-25,07:54:58,SANDSTONE,2.35,6.1,381.0,8.54,9.3,6.78,14.0,40.0,0.0,5.0,45,11,1.15,2.12,277.87,0.0,0.0,0,0.4,77125.17,32819.22,12526.65,184.29,50604.0,305.1,418.5,0.0,30.0,20.8,9922.5,13358.6,500.0,209250.0,418.5,0.0,0.0,4.04,6.16,10.0,10.0,80.0
1049,Gevra,East Section,Between UK (B) and LK (T),42 cum shovel CAT and PV,2023-07-20,07:55:18,SANDSTONE,2.35,6.92,381.0,11.56,19.0,6.13,19.0,40.0,0.0,3.0,14,11,1.15,6.86,900.27,0.0,0.0,0,0.8,50004.99,21278.72,12628.28,187.99,50004.99,85.82,266.0,0.0,0.0,6.71,738042.6,4166.64,500.0,133000.0,266.0,0.0,0.0,3.96,3.96,10.0,10.0,80.0
1050,Gevra,East Section,Between UK (B) and LK (T),42 cum shovel CAT and PV,2023-07-21,07:55:32,SANDSTONE,2.35,8.05,381.0,8.84,19.0,6.12,19.0,40.0,0.0,1.0,14,11,1.15,6.48,850.47,0.0,0.0,0,0.4,44483.36,18929.09,11931.08,167.23,44483.36,85.68,266.0,0.0,0.0,6.71,697814.2,4160.66,500.0,133000.0,266.0,0.0,0.0,3.73,3.73,10.0,10.0,80.0
1068,Gevra,East Section,Between UK (B) and LK (T),42 cum shovel CAT and PV,2023-07-25,09:27:47,SANDSTONE,2.35,6.01,381.0,8.7,19.0,12.36,19.0,40.0,0.0,3.0,21,11,1.15,6.63,870.13,0.0,0.0,0,0.4,49026.9,20862.51,18309.48,122.87,0.0,259.56,399.0,0.0,0.0,6.71,1070543.0,6166.24,500.0,0.0,399.0,0.0,0.0,0.0,2.68,10.0,10.0,80.0
1081,Gevra,East Section,Between UK (B) and LK (T),42 cum shovel CAT and PV,2023-07-29,08:35:03,SANDSTONE,2.35,7.94,381.0,9.21,19.0,12.13,19.0,40.0,0.0,8.0,35,11,1.15,6.86,900.27,0.0,0.0,0,0.4,114279.84,48629.72,31570.7,171.85,114279.84,424.55,665.0,12.0,0.0,6.71,1845107.0,10356.8,500.0,332500.0,665.0,0.0,0.0,3.62,3.62,10.0,10.0,80.0
1082,Gevra,East Section,Between UK (B) and LK (T),42 cum shovel CAT and PV,2023-07-29,08:46:02,SANDSTONE,2.35,6.52,381.0,8.32,19.0,6.65,19.0,40.0,0.0,6.0,28,11,1.15,6.34,830.82,0.0,0.0,0,0.8,67818.84,28859.08,23311.96,127.48,67818.84,186.2,532.0,43.0,0.0,6.71,1363882.0,8291.42,500.0,266000.0,532.0,0.0,0.0,2.91,2.91,10.0,10.0,80.0
1083,Gevra,East Section,Between UK (B) and LK (T),42 cum shovel CAT and PV,2023-07-19,08:46:46,SANDSTONE,2.35,7.35,381.0,10.94,19.0,11.75,19.0,40.0,0.0,2.0,12,11,1.15,7.25,950.07,0.0,0.0,0,0.4,43083.14,18333.25,11421.84,188.96,43083.14,141.0,228.0,0.0,0.0,6.71,667089.5,3727.74,500.0,114000.0,228.0,0.0,0.0,3.77,3.77,10.0,10.0,80.0
1091,Gevra,East Section,Between UK (B) and LK (T),42 cum shovel CAT and PV,2023-08-02,11:10:56,SANDSTONE,2.35,8.06,381.0,8.75,19.0,6.17,19.0,40.0,0.0,6.0,18,11,1.15,6.78,889.2,0.0,0.0,0,0.8,56680.94,24119.55,16037.12,165.73,67835.0,111.02,342.0,0.0,0.0,6.71,937415.8,5080.32,500.0,171000.0,342.0,0.0,0.0,4.23,3.53,10.0,10.0,80.0
1093,Gevra,East Section,Between UK (B) and LK (T),42 cum shovel CAT and PV,2023-08-01,11:41:15,SANDSTONE,2.35,7.98,381.0,10.4,19.0,6.36,19.0,40.0,0.0,7.0,25,11,1.15,6.42,842.6,0.0,0.0,0,0.8,92639.82,39421.2,21108.75,195.03,92639.82,159.0,475.0,0.0,0.0,6.71,1234744.0,7414.8,500.0,237500.0,475.0,0.0,0.0,4.39,4.39,10.0,10.0,80.0
1096,Gevra,East Section,Between UK (B) and LK (T),42 cum shovel CAT and PV,2023-08-07,07:27:41,SANDSTONE,2.35,6.6,381.0,8.91,19.0,11.56,19.0,40.0,0.0,3.0,10,11,1.15,7.44,975.22,0.0,0.0,0,0.4,26256.88,11173.14,9772.18,138.19,26256.88,115.58,190.0,20.0,0.0,6.71,571520.8,3001.8,500.0,95000.0,190.0,0.0,0.0,2.69,2.69,10.0,10.0,80.0
1107,Gevra,East Section,Between UK (B) and LK (T),42 cum shovel CAT and PV,2023-08-10,11:20:18,SANDSTONE,2.35,6.35,381.0,9.96,19.0,6.88,19.0,40.0,0.0,5.0,28,11,1.15,6.11,800.67,0.0,0.0,0,0.8,79070.14,33646.87,22467.76,148.63,89764.4,192.64,532.0,30.0,0.0,6.71,1315172.0,8500.72,500.0,266000.0,532.0,0.0,0.0,4.0,3.52,10.0,10.0,80.0
1108,Gevra,East Section,Between UK (B) and LK (T),42 cum shovel CAT and PV,2023-08-10,11:21:39,SANDSTONE,2.35,6.19,381.0,9.41,19.0,6.57,19.0,70.0,0.0,8.0,11,11,1.15,6.42,842.6,0.0,0.0,0,0.8,28638.86,12186.75,9287.85,137.03,36785.0,72.27,209.0,0.0,0.0,6.71,543287.5,3391.68,500.0,104500.0,209.0,0.0,0.0,3.96,3.08,10.0,10.0,80.0
1145,Gevra,East Section,Between UK (B) and LK (T),42 cum shovel CAT and PV,2023-08-11,10:56:02,SANDSTONE,2.35,8.72,381.0,11.07,19.0,11.22,19.0,70.0,0.0,8.0,25,11,1.15,7.78,1019.52,0.0,0.0,0,0.4,107875.62,45904.52,25538.0,227.11,112235.84,280.5,475.0,0.0,0.0,6.71,1492708.0,0.0,500.0,0.0,475.0,0.0,0.0,4.39,4.22,10.0,0.0,80.0
1163,Gevra,East Section,Between UK (B) and LK (T),42 cum shovel CAT and PV,2023-08-17,14:15:30,SHALY SST,2.51,8.25,381.0,10.34,19.0,7.0,19.0,44.0,0.0,3.0,15,11,1.15,6.5,851.78,0.0,0.0,0,0.8,61022.94,24311.93,12801.3,214.12,61022.94,105.0,285.0,0.0,0.0,6.71,748064.2,0.0,500.0,142500.0,285.0,0.0,0.0,4.77,4.77,10.0,0.0,80.0
1168,Gevra,East Section,Between UK (B) and LK (T),42 cum shovel CAT and PV,2023-08-18,14:35:31,SANDSTONE,2.35,9.26,381.0,9.0,19.0,7.15,19.0,40.0,0.0,4.0,15,11,1.15,6.34,832.13,0.0,0.0,0,0.8,55939.33,23803.97,12506.55,196.28,58182.59,107.25,285.0,0.0,0.0,6.71,731057.1,0.0,500.0,0.0,285.0,0.0,0.0,4.65,4.47,10.0,0.0,80.0
1197,Gevra,East Section,Between UK (B) and LK (T),42 cum shovel CAT and PV,2023-09-08,14:20:16,SANDSTONE,2.35,7.01,381.0,6.11,19.0,6.13,19.0,40.0,0.0,5.0,12,11,1.15,6.86,900.27,0.0,0.0,0,0.8,22948.9,9765.49,10824.24,100.65,0.0,73.56,228.0,0.0,0.0,6.71,632607.9,0.0,500.0,114000.0,228.0,0.0,0.0,0.0,2.12,10.0,0.0,80.0
1198,Gevra,East Section,Between UK (B) and LK (T),42 cum shovel CAT and PV,2023-09-06,14:20:00,SHALY SST,2.35,7.41,381.0,7.11,19.0,6.13,19.0,48.0,0.0,6.0,19,11,1.15,6.86,900.27,0.0,0.0,0,0.8,44695.4,19019.32,17138.38,123.81,53518.07,116.47,361.0,0.0,0.0,6.71,1001629.0,0.0,500.0,180500.0,361.0,0.0,0.0,3.12,2.61,10.0,0.0,80.0
1199,Gevra,East Section,Between UK (B) and LK (T),42 cum shovel CAT and PV,2023-08-31,14:15:45,SANDSTONE,2.35,8.6,381.0,8.3,19.0,6.13,19.0,40.0,0.0,7.0,25,11,1.15,6.86,900.27,0.0,0.0,0,0.8,79773.92,33946.35,22550.5,167.95,81946.83,153.25,475.0,0.0,0.0,6.71,1317933.0,0.0,500.0,237500.0,475.0,0.0,0.0,3.63,3.54,10.0,0.0,80.0
1200,Gevra,East Section,Between UK (B) and LK (T),42 cum shovel CAT and PV,2023-08-29,14:36:40,SHALY SST,2.35,6.78,381.0,7.75,19.0,6.13,19.0,40.0,0.0,5.0,19,11,1.15,6.86,900.27,0.0,0.0,0,0.8,44642.29,18996.72,17138.38,123.66,49649.48,116.47,361.0,0.0,0.0,6.71,1001629.0,0.0,500.0,180500.0,361.0,0.0,0.0,2.9,2.6,10.0,0.0,80.0
1223,Gevra,East Section,Between UK (B) and LK (T),42 cum shovel CAT and PV,2023-09-14,14:15:42,SHALY SST,2.35,8.26,381.0,7.48,19.0,7.0,19.0,40.0,0.0,6.0,13,11,1.15,6.5,851.78,0.0,0.0,0,0.8,35863.0,15260.85,11094.46,145.19,0.0,91.0,247.0,0.0,0.0,6.71,648322.3,0.0,500.0,123500.0,247.0,0.0,0.0,0.0,3.23,10.0,0.0,80.0
1224,Gevra,East Section,Between UK (B) and LK (T),42 cum shovel CAT and PV,2023-09-18,14:20:32,SHALY SST,2.35,8.31,381.0,8.96,19.0,7.0,19.0,40.0,0.0,5.0,21,11,1.15,6.5,851.78,0.0,0.0,0,0.8,69815.16,29708.58,17921.82,174.98,69815.16,147.0,399.0,0.0,0.0,6.71,1047290.0,0.0,500.0,199500.0,399.0,0.0,0.0,3.9,3.9,10.0,0.0,80.0
1229,Gevra,East Section,Between UK (B) and LK (T),42 cum shovel CAT and PV,2023-09-21,14:20:06,SHALY SST,2.35,10.31,381.0,6.75,19.0,6.13,19.0,113.0,0.0,13.0,24,11,1.15,6.86,900.27,0.0,0.0,0,0.8,74647.66,31764.96,21648.48,163.7,74575.32,147.12,456.0,0.0,0.0,6.71,1265216.0,0.0,500.0,228000.0,456.0,0.0,0.0,3.44,3.45,10.0,0.0,80.0
1234,Gevra,East Section,Between UK (B) and LK (T),42 cum shovel CAT and PV,2023-08-19,14:30:07,SANDSTONE,2.35,7.8,381.0,11.05,19.0,7.0,19.0,40.0,0.0,3.0,12,11,1.15,6.5,851.78,0.0,0.0,0,0.8,46222.39,19669.1,10241.04,202.73,48309.04,84.0,228.0,0.0,0.0,6.71,598451.4,0.0,500.0,114000.0,228.0,0.0,0.0,4.72,4.51,10.0,0.0,80.0
1235,Gevra,East Section,Between UK (B) and LK (T),42 cum shovel CAT and PV,2023-08-21,14:15:49,SANDSTONE,2.35,6.12,356.0,8.42,19.0,6.13,19.0,40.0,0.0,3.0,11,11,1.15,6.86,786.0,0.0,0.0,0,0.8,25309.15,10769.85,8665.25,121.1,28396.15,67.43,209.0,0.0,0.0,6.71,507363.4,0.0,500.0,104500.0,209.0,0.0,0.0,3.28,2.92,10.0,0.0,80.0
1239,Gevra,East Section,Between UK (B) and LK (T),42 cum shovel CAT and PV,2023-09-02,14:16:27,SANDSTONE,2.35,6.97,381.0,9.0,19.0,12.0,19.0,40.0,0.0,3.0,12,11,1.15,7.0,917.3,0.0,0.0,0,0.4,33610.73,14302.44,11031.6,147.42,0.0,144.0,228.0,0.0,0.0,6.71,645722.5,0.0,500.0,114000.0,228.0,0.0,0.0,0.0,3.05,5.0,10.0,85.0
1242,Gevra,East Section,Between UK (B) and LK (T),42 cum shovel CAT and PV,2023-08-22,14:15:28,SANDSTONE,2.35,7.9,381.0,8.01,19.0,6.83,19.0,40.0,0.0,3.0,10,11,1.15,6.57,861.48,0.0,0.0,0,0.8,28254.07,12023.01,8631.4,148.71,28254.07,68.26,190.0,0.0,0.0,6.71,504402.2,4775.4,500.0,95000.0,190.0,0.0,0.0,3.27,3.27,10.0,0.0,80.0
1247,Gevra,East Section,Between UK (B) and LK (T),42 cum shovel CAT and PV,2023-09-29,14:20:01,SHALY SST,2.35,8.59,381.0,7.79,19.0,7.1,19.0,40.0,0.0,5.0,10,11,1.15,6.4,838.67,0.0,0.0,0,0.8,29878.04,12714.06,8403.1,157.25,33291.99,71.0,190.0,0.0,0.0,6.71,491145.0,0.0,500.0,95000.0,190.0,0.0,0.0,3.96,3.56,10.0,0.0,80.0
1248,Gevra,East Section,Between UK (B) and LK (T),42 cum shovel CAT and PV,2023-08-25,14:36:18,SANDSTONE,2.35,7.48,381.0,8.33,19.0,6.13,19.0,40.0,0.0,6.0,26,11,1.15,6.86,900.27,0.0,0.0,0,0.8,72333.82,30780.35,23452.52,146.42,80314.07,159.38,494.0,0.0,0.0,6.71,1370651.0,0.0,0.0,0.0,494.0,0.0,0.0,3.42,3.08,10.0,0.0,80.0
1251,Gevra,East Section,Between UK (B) and LK (T),42 cum shovel CAT and PV,2023-08-30,14:30:46,SHALY SST,2.35,6.75,381.0,7.75,19.0,7.0,19.0,40.0,0.0,5.0,19,11,1.15,6.5,851.78,0.0,0.0,0,0.8,44379.3,18884.81,16214.98,122.93,0.0,133.0,361.0,0.0,0.0,6.71,947547.97,4775.4,500.0,180500.0,361.0,0.0,0.0,0.0,2.74,10.0,0.0,80.0
1253,Gevra,East Section,Between UK (B) and LK (T),42 cum shovel CAT and PV,2023-09-22,14:30:16,SHALY SST,2.35,8.49,381.0,7.55,19.0,7.0,19.0,40.0,0.0,6.0,10,11,1.15,6.5,851.78,0.0,0.0,0,0.8,0.0,0.0,8534.2,0.0,0.0,70.0,190.0,0.0,0.0,6.71,498709.46,4775.4,500.0,95000.0,190.0,0.0,0.0,0.0,0.0,10.0,0.0,80.0
1254,Gevra,East Section,Between UK (B) and LK (T),42 cum shovel CAT and PV,2023-09-19,02:19:55,SANDSTONE,2.35,6.71,381.0,6.21,19.0,0.0,19.0,40.0,0.0,3.0,1,11,0.0,0.0,0.0,0.0,0.0,0,0.0,0.0,0.0,10583.3,0.0,0.0,94.9,266.0,0.0,0.0,6.71,618828.37,4775.4,500.0,133000.0,266.0,0.0,0.0,0.0,0.0,10.0,0.0,80.0
1254,Gevra,East Section,Between UK (B) and LK (T),42 cum shovel CAT and PV,2023-09-19,02:19:55,SANDSTONE,2.35,5.06,381.0,7.47,19.0,7.3,19.0,40.0,0.0,3.0,13,11,1.15,6.19,812.46,0.0,0.0,0,0.8,0.0,0.0,10583.3,0.0,0.0,94.9,266.0,0.0,0.0,6.71,618828.37,4775.4,500.0,133000.0,266.0,0.0,0.0,0.0,0.0,10.0,0.0,80.0
1259,Gevra,East Section,Between UK (B) and LK (T),42 cum shovel CAT and PV,2023-10-07,01:55:30,SANDSTONE,2.35,6.57,381.0,7.48,19.0,7.69,19.0,40.0,0.0,6.0,23,11,1.15,5.8,760.05,0.0,0.0,0,0.8,50612.42,21537.2,17518.87,115.82,56457.81,176.87,437.0,0.0,0.0,6.71,1025297.0,0.0,500.0,218500.0,437.0,0.0,0.0,3.22,2.89,10.0,0.0,80.0
1260,Gevra,East Section,Between UK (B) and LK (T),42 cum shovel CAT and PV,2023-10-07,02:55:55,SANDSTONE,2.35,7.66,381.0,8.26,19.0,7.0,19.0,40.0,0.0,4.0,19,11,1.15,6.5,851.78,0.0,0.0,0,0.8,53676.47,22841.05,16214.98,148.69,0.0,133.0,361.0,0.0,0.0,6.71,947547.97,4775.4,0.0,0.0,361.0,0.0,0.0,0.0,3.31,10.0,0.0,80.0
1273,Gevra,East Section,Between UK (B) and LK (T),42 cum shovel CAT and PV,2023-10-10,14:24:47,SHALY SST,2.35,9.52,381.0,6.64,19.0,7.3,19.0,40.0,0.0,6.0,12,11,1.15,6.19,812.46,0.0,0.0,0,0.8,33869.42,14412.52,9769.2,148.55,0.0,87.6,228.0,0.0,0.0,6.71,571226.2,0.0,500.0,114000.0,228.0,0.0,0.0,0.0,3.47,10.0,0.0,80.0
1289,Gevra,East Section,Between UK (B) and LK (T),42 cum shovel CAT and PV,2023-10-09,14:15:20,SANDSTONE,2.35,7.12,381.0,7.63,19.0,7.5,19.0,40.0,0.0,1.0,19,11,1.15,6.0,786.26,0.0,0.0,0,0.8,46087.12,19611.54,14970.1,127.67,46609.01,142.5,361.0,0.0,0.0,6.71,875718.4,0.0,500.0,180500.0,361.0,0.0,0.0,3.11,3.08,10.0,0.0,80.0
1290,Gevra,East Section,Between UK (B) and LK (T),42 cum shovel CAT and PV,2023-10-13,14:13:30,SANDSTONE,2.35,7.84,381.0,8.63,19.0,12.7,19.0,40.0,0.0,7.0,25,11,1.15,6.3,825.58,0.0,0.0,0,0.4,75524.58,32138.12,20689.5,159.0,75524.58,317.5,475.0,0.0,0.0,6.71,1212949.0,1048.32,500.0,237500.0,475.0,0.0,0.0,3.65,3.65,10.0,10.0,80.0
1309,Gevra,East Section,Between UK (B) and LK (T),42 cum shovel CAT and PV,2023-10-18,02:37:54,SHALY SST,2.35,11.45,381.0,7.29,12.0,9.32,12.0,40.0,0.0,8.0,17,11,1.15,2.68,350.54,0.0,0.0,0,0.4,40015.75,17027.98,5981.11,196.16,0.0,158.44,204.0,0.0,0.0,6.71,353515.8,0.0,500.0,102000.0,204.0,0.0,0.0,0.0,6.69,10.0,0.0,80.0
1332,Gevra,East Section,Between UK (B) and LK (T),42 cum shovel CAT and PV,2023-10-29,11:33:53,SHALY SST,2.35,16.97,381.0,16.16,19.0,11.75,19.0,40.0,0.0,1.0,9,11,1.15,7.25,950.07,0.0,0.0,0,0.4,0.0,0.0,8568.63,0.0,0.0,105.75,171.0,0.0,0.0,6.71,501309.35,4775.4,0.0,0.0,171.0,0.0,0.0,0.0,0.0,10.0,0.0,80.0
1348,Gevra,East Section,Between UK (B) and LK (T),42 cum shovel CAT and PV,2023-11-02,14:05:55,SANDSTONE,2.35,6.73,381.0,11.06,19.0,11.69,19.0,40.0,0.0,2.0,14,11,1.15,7.3,956.61,0.0,0.0,0,0.4,46528.57,19799.39,13420.54,174.92,0.0,163.66,266.0,0.0,0.0,6.71,785097.56,4775.4,0.0,0.0,266.0,0.0,0.0,0.0,3.47,10.0,0.0,80.0
1350,Gevra,Contractual Patches,Between D-seam and E&F Top,KCC TOP PATCH,2023-11-30,14:50:48,SANDSTONE,2.35,3.58,159.0,5.13,9.0,5.09,9.0,40.0,0.0,5.0,41,11,1.15,3.91,89.17,0.0,0.0,0,0.4,15925.55,6776.83,3664.07,43.16,0.0,208.53,369.0,0.0,0.0,6.71,160562.7,4775.4,150.0,55350.0,369.0,0.0,0.0,0.0,4.35,10.0,0.0,80.0
1742,Gevra,East Section,Between UK (B) and LK (T),42 cum shovel CAT and PV,2023-12-06,14:20:13,SHALY SST,2.35,7.19,381.0,9.48,19.0,12.5,19.0,40.0,0.0,3.0,12,11,1.15,6.5,851.78,0.0,0.0,0,0.4,36520.76,15540.75,10245.36,160.18,0.0,150.0,228.0,0.0,0.0,6.71,600356.5,1752.0,500.0,114000.0,228.0,0.0,0.0,0.0,3.56,10.0,0.0,80.0
1752,Gevra,East Section,Between UK and LK (C) (OB),42 cum shovel CAT and PV,2024-02-03,14:15:34,SANDSTONE,2.35,8.29,381.0,9.77,19.0,6.13,19.0,40.0,0.0,3.0,14,11,1.15,6.86,900.27,0.0,0.0,0,0.8,50628.92,21544.22,12628.28,190.33,0.0,85.82,266.0,0.0,0.0,6.71,738042.61,4775.4,0.0,0.0,266.0,0.0,0.0,0.0,4.01,10.0,0.0,80.0
1753,Gevra,East Section,Between UK and LK (C) (OB),42 cum shovel CAT and PV,2024-02-02,14:10:45,SANDSTONE,2.35,7.1,381.0,10.64,19.0,8.22,19.0,40.0,0.0,2.0,12,11,1.15,6.77,888.26,0.0,0.0,0,0.67,0.0,0.0,10680.64,0.0,0.0,98.66,228.0,0.0,0.0,6.71,624536.88,4775.4,0.0,0.0,228.0,0.0,0.0,0.0,0.0,10.0,0.0,80.0
1792,Gevra,East Section,Between UK and LK (C) (OB),42 cum shovel CAT and PV,2024-02-04,13:58:37,SANDSTONE,2.35,7.51,381.0,10.66,19.0,7.27,19.0,40.0,0.0,6.0,37,11,1.15,6.17,808.87,0.0,0.0,0,0.75,132257.51,56279.79,29991.18,188.13,0.0,268.99,703.0,0.0,0.0,6.71,1754650.49,4775.4,0.0,0.0,703.0,0.0,0.0,0.0,4.41,10.0,0.0,80.0
1794,Gevra,East Section,Between UK and LK (C) (OB),42 cum shovel CAT and PV,2024-02-04,14:11:02,SANDSTONE,2.35,6.97,381.0,8.41,19.0,6.94,19.0,40.0,0.0,2.0,8,11,1.15,6.31,826.69,0.0,0.0,0,0.8,0.0,0.0,6627.04,0.0,0.0,55.52,152.0,0.0,0.0,6.71,387577.76,4775.4,0.0,0.0,152.0,0.0,0.0,0.0,0.0,10.0,0.0,80.0
1795,Gevra,East Section,Between UK and LK (C) (OB),42 cum shovel CAT and PV,2024-02-07,14:23:17,SANDSTONE,2.35,5.08,381.0,9.58,19.0,6.71,19.0,40.0,0.0,3.0,13,11,1.15,6.28,823.48,0.0,0.0,0,0.8,26944.63,11465.8,10727.22,109.09,0.0,87.29,247.0,0.0,0.0,6.71,627385.53,4775.4,0.0,0.0,247.0,0.0,0.0,0.0,2.51,10.0,0.0,80.0
1841,Gevra,East Section,Between UK and LK (C) (OB),42 cum shovel CAT and PV,2024-02-10,02:34:10,SANDSTONE,2.35,5.57,381.0,8.87,18.0,11.62,18.0,40.0,0.0,4.0,18,11,1.15,6.37,836.08,0.0,0.0,0,0.4,0.0,0.0,15079.55,0.0,0.0,209.08,324.0,0.0,0.0,6.71,881627.37,4775.4,0.0,0.0,324.0,0.0,0.0,0.0,0.0,10.0,0.0,80.0
2003,Gevra,East Section,Between UK (B) and LK (T),42 cum shovel CAT and PV,2024-02-28,11:00:46,SANDSTONE,2.35,8.18,381.0,9.98,19.0,7.0,19.0,40.0,0.0,7.0,18,11,1.15,6.5,851.78,0.0,0.0,0,0.8,67242.1,28613.66,15361.56,196.61,0.0,126.0,342.0,0.0,0.0,6.71,897677.03,4775.4,0.0,0.0,342.0,0.0,0.0,0.0,4.38,10.0,0.0,80.0
2004,Gevra,East Section,Between UK (B) and LK (T),42 cum shovel CAT and PV,2024-02-28,11:01:26,SANDSTONE,2.35,6.8,381.0,10.71,19.0,7.0,19.0,40.0,0.0,4.0,11,11,1.15,6.5,851.78,0.0,0.0,0,0.8,34793.94,14805.93,9387.62,166.48,0.0,77.0,209.0,0.0,0.0,6.71,548580.41,4775.4,0.0,0.0,209.0,0.0,0.0,0.0,3.71,10.0,0.0,80.0
2005,Gevra,East Section,Between UK (B) and LK (T),42 cum shovel CAT and PV,2024-02-28,11:08:44,SANDSTONE,2.35,9.59,381.0,8.39,19.0,7.0,19.0,40.0,0.0,5.0,16,11,1.15,6.5,851.78,0.0,0.0,0,0.8,0.0,0.0,13654.72,0.0,0.0,112.0,304.0,0.0,0.0,6.71,797935.14,4775.4,0.0,0.0,304.0,0.0,0.0,0.0,0.0,10.0,0.0,80.0
2040,Gevra,Contractual Patches,Between E & F Top OB,Godhara Patch Gem 481,2024-03-01,13:38:33,SANDSTONE,2.35,3.34,150.0,3.55,10.0,5.8,10.0,40.0,0.0,7.0,51,11,1.15,4.19,85.3,0.0,0.0,0,0.4,16117.71,6858.6,4360.5,31.6,0.0,295.8,510.0,0.0,0.0,6.71,191256.58,4775.4,0.0,0.0,510.0,0.0,0.0,0.0,3.7,10.0,0.0,80.0
2051,Gevra,West Section,E (coal),16 cum L and T make shovel,2024-03-04,14:14:30,SANDSTONE,2.35,5.98,150.0,8.0,10.0,2.0,10.0,40.0,0.0,4.0,32,11,1.15,6.0,121.87,0.0,0.0,0,0.8,0.0,0.0,3955.84,0.0,0.0,64.0,320.0,0.0,0.0,6.71,249716.77,4775.4,0.0,0.0,320.0,0.0,0.0,0.0,0.0,10.0,0.0,80.0
2052,Gevra,East Section,Between UK and LK (C) (OB),42 cum shovel CAT and PV,2024-03-05,12:00:41,SANDSTONE,2.35,9.49,381.0,10.23,19.0,5.84,19.0,40.0,0.0,6.0,23,11,1.15,7.15,938.28,0.0,0.0,0,0.8,97965.18,41687.31,21620.69,224.18,0.0,134.32,437.0,0.0,0.0,6.71,1262941.64,4775.4,0.0,0.0,437.0,0.0,0.0,0.0,4.53,10.0,0.0,80.0
2054,Gevra,East Section,Between UK (B) and LK (T),42 cum shovel CAT and PV,2024-03-05,02:58:55,SANDSTONE,2.35,4.05,381.0,8.66,19.0,13.25,19.0,40.0,0.0,1.0,9,11,1.15,5.75,753.5,0.0,0.0,0,0.4,0.0,0.0,6799.5,0.0,0.0,119.25,171.0,0.0,0.0,6.71,399230.6,0.0,0.0,0.0,171.0,0.0,0.0,0.0,0.0,10.0,0.0,80.0
2066,Gevra,West Section,E (coal),16 cum L and T make shovel,2024-03-08,12:55:48,SHALY COAL,1.65,11.0,150.0,12.0,10.0,2.0,10.0,40.0,0.0,8.0,75,11,1.15,6.0,121.87,0.0,0.0,0,0.8,0.0,0.0,9271.5,0.0,0.0,150.0,750.0,0.0,0.0,6.71,585273.68,4775.4,0.0,0.0,750.0,0.0,0.0,0.0,0.0,10.0,0.0,80.0
2072,Gevra,East Section,Between UK and LK (C) (OB),42 cum shovel CAT and PV,2024-03-09,02:30:17,SANDSTONE,2.35,6.58,381.0,11.71,19.0,6.9,19.0,40.0,0.0,4.0,11,11,1.15,6.09,799.36,0.0,0.0,0,0.8,0.0,0.0,8812.21,0.0,0.0,75.9,209.0,0.0,0.0,6.71,515843.04,4775.4,0.0,0.0,209.0,0.0,0.0,0.0,0.0,10.0,0.0,80.0
2082,Gevra,East Section,Between UK and LK (C) (OB),42 cum shovel CAT and PV,2024-03-12,13:54:14,SANDSTONE,2.35,7.09,381.0,10.31,19.0,5.75,19.0,40.0,0.0,4.0,15,11,1.15,6.31,826.82,0.0,0.0,0,0.8,0.0,0.0,12428.66,0.0,0.0,86.3,285.0,0.0,0.0,6.71,727222.14,4775.4,0.0,0.0,285.0,0.0,0.0,0.0,0.0,10.0,0.0,80.0
2084,Gevra,East Section,LK Bottom seam,42 cum shovel CAT and PV,2024-03-13,13:58:27,COAL,2.35,9.15,381.0,11.04,19.0,6.89,19.0,40.0,0.0,3.0,19,11,1.15,6.11,800.54,0.0,0.0,0,0.8,0.0,0.0,15240.66,0.0,0.0,130.91,361.0,0.0,0.0,6.71,891038.4,4775.4,0.0,0.0,361.0,0.0,0.0,0.0,0.0,10.0,0.0,80.0
2085,Gevra,East Section,LK Bottom seam,42 cum shovel CAT and PV,2024-03-14,14:10:51,COAL,2.35,7.69,381.0,10.54,19.0,7.09,19.0,40.0,0.0,4.0,26,11,1.15,5.83,764.29,0.0,0.0,0,0.8,0.0,0.0,19913.96,0.0,0.0,184.39,494.0,0.0,0.0,6.71,1165272.08,4775.4,0.0,0.0,494.0,0.0,0.0,0.0,0.0,10.0,0.0,80.0
2102,Gevra,East Section,LK Bottom seam,42 cum shovel CAT and PV,2024-03-15,14:05:19,COAL,2.35,5.43,381.0,10.91,19.0,11.98,19.0,40.0,0.0,2.0,14,11,1.15,5.73,751.16,0.0,0.0,0,0.49,0.0,0.0,10542.78,0.0,0.0,167.75,266.0,0.0,0.0,6.71,618475.86,4775.4,0.0,0.0,266.0,0.0,0.0,0.0,0.0,10.0,0.0,80.0
2130,Gevra,East Section,Between UK and LK (C) (OB),42 cum shovel CAT and PV,2024-03-17,02:08:38,SANDSTONE,2.35,5.76,381.0,8.93,19.0,7.01,19.0,40.0,0.0,3.0,20,11,1.15,6.57,862.26,0.0,0.0,0,0.8,0.0,0.0,17280.08,0.0,0.0,140.2,380.0,0.0,0.0,6.71,1010403.29,4775.4,0.0,0.0,380.0,0.0,0.0,0.0,0.0,10.0,0.0,80.0
2131,Gevra,East Section,Between UK and LK (C) (OB),42 cum shovel CAT and PV,2024-03-18,01:54:57,SANDSTONE,2.35,6.15,381.0,8.8,18.0,6.38,18.0,40.0,0.0,3.0,8,11,1.15,6.11,800.67,0.0,0.0,0,0.8,0.0,0.0,6418.96,0.0,0.0,51.04,144.0,0.0,0.0,6.71,375586.87,4775.4,0.0,0.0,144.0,0.0,0.0,0.0,0.0,10.0,0.0,80.0
2202,Gevra,East Section,Between UK and LK (C) (OB),42 cum shovel CAT and PV,2024-04-02,13:58:00,SANDSTONE,2.35,6.73,389.0,8.48,11.03,8.41,15.0,40.0,0.0,6.0,31,11,1.15,2.61,356.89,0.0,0.0,0,0.4,0.0,0.0,11081.27,0.0,0.0,260.79,342.0,0.0,0.0,6.71,646166.02,4775.4,0.0,0.0,342.0,0.0,0.0,0.0,0.0,10.0,0.0,80.0
2203,Gevra,East Section,Between UK and LK (C) (OB),42 cum shovel CAT and PV,2024-04-03,14:10:43,SANDSTONE,2.35,5.69,389.0,9.45,19.0,6.92,19.0,40.0,0.0,2.0,15,11,1.15,6.07,829.32,0.0,0.0,0,0.8,0.0,0.0,12465.81,0.0,0.0,103.85,285.0,0.0,0.0,6.71,729223.87,4775.4,0.0,0.0,285.0,0.0,0.0,0.0,0.0,10.0,0.0,80.0
2204,Gevra,East Section,Between UK and LK (C) (OB),42 cum shovel CAT and PV,2024-04-05,14:05:19,SANDSTONE,2.35,6.23,381.0,8.88,19.0,6.61,19.0,40.0,0.0,3.0,16,11,1.15,6.6,866.03,0.0,0.0,0,0.8,0.0,0.0,13884.1,0.0,0.0,105.72,304.0,0.0,0.0,6.71,811695.48,4775.4,0.0,0.0,304.0,0.0,0.0,0.0,0.0,10.0,0.0,80.0
2227,Gevra,East Section,Between UK and LK (C) (OB),42 cum shovel CAT and PV,2024-04-09,14:31:06,SHALY COAL,2.35,5.52,381.0,5.9,5.08,4.38,3.0,40.0,0.0,5.0,24,11,1.15,0.69,91.67,0.0,0.0,0,0.4,0.0,0.0,2204.8,0.0,0.0,105.14,122.0,0.0,0.0,6.71,129056.8,4775.4,0.0,0.0,122.0,0.0,0.0,0.0,0.0,10.0,0.0,80.0
2228,Gevra,East Section,Between UK and LK (C) (OB),42 cum shovel CAT and PV,2024-04-11,14:34:30,SANDSTONE,2.35,6.6,381.0,7.68,19.0,7.01,19.0,40.0,0.0,3.0,15,11,1.15,6.48,850.47,0.0,0.0,0,0.8,0.0,0.0,12782.55,0.0,0.0,105.15,285.0,0.0,0.0,6.71,747327.29,4775.4,0.0,0.0,285.0,0.0,0.0,0.0,0.0,10.0,0.0,80.0
2229,Gevra,East Section,Between UK and LK (C) (OB),42 cum shovel CAT and PV,2024-04-12,14:38:00,SANDSTONE,2.35,5.53,381.0,7.85,19.0,8.26,19.0,40.0,0.0,3.0,11,11,1.15,6.73,882.94,0.0,0.0,0,0.69,0.0,0.0,9732.04,0.0,0.0,90.85,209.0,0.0,0.0,6.71,569085.89,4775.4,0.0,0.0,209.0,0.0,0.0,0.0,0.0,10.0,0.0,80.0
2230,Gevra,East Section,Between UK and LK (C) (OB),42 cum shovel CAT and PV,2024-04-12,14:39:20,SANDSTONE,2.35,5.85,381.0,8.29,19.0,7.32,19.0,40.0,0.0,4.0,18,11,1.15,6.67,875.37,0.0,0.0,0,0.8,39548.53,16829.16,15787.98,115.64,0.0,131.76,342.0,0.0,0.0,6.71,923005.9,0.0,0.0,0.0,342.0,0.0,0.0,0.0,2.5,10.0,0.0,80.0
2239,Gevra,East Section,Between UK and LK (C) (OB),42 cum shovel CAT and PV,2024-04-15,14:30:30,SANDSTONE,2.35,6.75,381.0,7.75,17.0,6.95,19.0,40.0,0.0,4.0,16,11,1.15,5.34,700.05,0.0,0.0,0,0.8,38699.49,16467.87,11223.04,142.28,38699.49,111.2,272.0,0.0,0.0,6.71,656094.0,537.6,0.0,0.0,272.0,0.0,0.0,3.45,3.45,10.0,0.0,80.0
2267,Gevra,East Section,Between UK and LK (C) (OB),42 cum shovel CAT and PV,2024-04-17,14:26:16,SANDSTONE,2.35,6.63,381.0,4.88,19.0,0.0,19.0,40.0,0.0,3.0,1,11,0.0,0.0,0.0,0.0,0.0,0,0.0,0.0,0.0,9619.2,0.0,0.0,116.18,247.0,0.0,0.0,6.71,562387.2,4775.4,0.0,0.0,247.0,0.0,0.0,0.0,0.0,10.0,0.0,80.0
2267,Gevra,East Section,Between UK and LK (C) (OB),42 cum shovel CAT and PV,2024-04-17,14:26:16,SANDSTONE,2.35,6.06,381.0,8.75,19.0,9.68,19.0,40.0,0.0,3.0,12,11,1.15,6.09,800.0,0.0,0.0,0,0.63,0.0,0.0,9619.2,0.0,0.0,116.18,247.0,0.0,0.0,6.71,562387.2,4775.4,0.0,0.0,247.0,0.0,0.0,0.0,0.0,10.0,0.0,80.0
2304,Gevra,East Section,Between UK and LK (C) (OB),42 cum shovel CAT and PV,2024-04-21,14:21:14,SANDSTONE,2.35,7.41,381.0,8.69,19.0,6.56,19.0,40.0,0.0,5.0,20,11,1.15,7.43,974.28,0.0,0.0,0,0.8,0.0,0.0,19525.6,0.0,0.0,131.16,380.0,0.0,0.0,6.71,1141959.12,4775.4,0.0,0.0,380.0,0.0,0.0,0.0,0.0,10.0,0.0,80.0
2305,Gevra,East Section,LK Bottom seam,42 cum shovel CAT and PV,2024-04-22,13:49:20,SHALY COAL,2.35,6.48,381.0,5.79,6.0,4.85,6.0,40.0,0.0,9.0,56,11,1.15,1.13,150.0,0.0,0.0,0,0.4,0.0,0.0,8416.8,0.0,0.0,271.6,336.0,0.0,0.0,6.71,492088.8,4775.4,0.0,0.0,336.0,0.0,0.0,0.0,0.0,10.0,0.0,80.0
2306,Gevra,East Section,Between UK and LK (C) (OB),42 cum shovel CAT and PV,2024-04-23,14:36:42,SANDSTONE,2.35,7.29,381.0,8.51,19.0,7.13,19.0,40.0,0.0,3.0,15,11,1.15,6.86,900.27,0.0,0.0,0,0.8,0.0,0.0,13530.9,0.0,0.0,106.95,285.0,0.0,0.0,6.71,791024.54,4775.4,0.0,0.0,285.0,0.0,0.0,0.0,0.0,10.0,0.0,80.0
2307,Gevra,West Section,F (coal),16 cum L and T make shovel,2024-04-24,14:07:52,SHALY COAL,2.35,3.65,259.0,4.61,9.0,6.52,10.0,40.0,0.0,3.0,20,11,1.15,2.48,150.0,0.0,0.0,0,0.4,0.0,0.0,3006.0,0.0,0.0,130.4,180.0,0.0,0.0,6.71,175746.0,4775.4,0.0,0.0,180.0,0.0,0.0,0.0,0.0,10.0,0.0,80.0
2308,Gevra,East Section,Between UK and LK (C) (OB),42 cum shovel CAT and PV,2024-04-24,14:06:47,SANDSTONE,2.35,6.45,381.0,8.42,19.0,6.75,18.0,40.0,0.0,3.0,12,11,1.15,7.25,950.0,0.0,0.0,0,0.8,0.0,0.0,11422.68,0.0,0.0,81.0,228.0,0.0,0.0,6.71,667781.88,4775.4,0.0,0.0,228.0,0.0,0.0,0.0,0.0,10.0,0.0,80.0
2324,Gevra,East Section,Between UK and LK (C) (OB),42 cum shovel CAT and PV,2024-04-26,14:53:16,SANDSTONE,2.35,8.01,381.0,7.51,19.0,6.56,18.0,40.0,0.0,3.0,14,11,1.15,6.42,842.83,0.0,0.0,0,0.8,0.0,0.0,11823.24,0.0,0.0,91.9,266.0,0.0,0.0,6.71,691246.83,4775.4,0.0,0.0,266.0,0.0,0.0,0.0,0.0,10.0,0.0,80.0
2344,Gevra,East Section,Between UK and LK (C) (OB),42 cum shovel CAT and PV,2024-04-28,14:43:42,SANDSTONE,2.35,7.33,381.0,8.93,19.0,6.65,19.0,40.0,0.0,4.0,16,11,1.15,5.34,700.39,0.0,0.0,0,0.8,0.0,0.0,11228.48,0.0,0.0,106.4,304.0,0.0,0.0,6.71,656407.89,4775.4,0.0,0.0,304.0,0.0,0.0,0.0,0.0,10.0,0.0,80.0
2345,Gevra,East Section,Between UK and LK (C) (OB),42 cum shovel CAT and PV,2024-04-29,14:06:07,SANDSTONE,2.35,6.24,381.0,8.5,17.0,5.65,19.0,40.0,0.0,3.0,12,11,1.15,5.34,700.39,0.0,0.0,0,0.8,0.0,0.0,8421.36,0.0,0.0,67.8,204.0,0.0,0.0,6.71,492305.92,4775.4,0.0,0.0,204.0,0.0,0.0,0.0,0.0,10.0,0.0,80.0
2346,Gevra,East Section,Between UK and LK (C) (OB),42 cum shovel CAT and PV,2024-04-29,13:50:22,SANDSTONE,2.35,9.03,381.0,8.05,19.0,6.15,19.0,40.0,0.0,6.0,16,11,1.15,6.59,864.68,0.0,0.0,0,0.8,0.0,0.0,13857.6,0.0,0.0,98.32,304.0,0.0,0.0,6.71,808276.76,4775.4,0.0,0.0,304.0,0.0,0.0,0.0,0.0,10.0,0.0,80.0
2347,Gevra,West Section,E & F (coal),16 cum L and T make shovel,2024-04-30,15:04:20,SHALY COAL,2.35,3.71,259.0,5.08,9.5,4.03,9.0,40.0,0.0,4.0,22,11,1.15,2.55,154.09,0.0,0.0,0,0.8,9267.51,3943.62,3397.0,44.34,0.0,88.65,209.0,0.0,0.0,6.71,198690.0,4775.4,0.0,0.0,209.0,0.0,0.0,0.0,2.73,10.0,0.0,80.0
2348,Gevra,East Section,Between UK and LK (C) (OB),42 cum shovel CAT and PV,2024-05-04,15:01:20,SANDSTONE,2.35,8.11,381.0,8.3,18.0,9.09,19.0,40.0,0.0,8.0,18,11,1.15,5.44,713.33,0.0,0.0,0,0.64,0.0,0.0,12865.69,0.0,0.0,163.6,324.0,0.0,0.0,6.71,752193.46,4775.4,0.0,0.0,324.0,0.0,0.0,0.0,0.0,10.0,0.0,80.0
2373,Gevra,West Section,E & F (coal),16 cum L and T make shovel,2024-05-08,15:10:07,SHALY COAL,2.35,3.59,259.0,4.56,9.5,4.19,9.0,40.0,0.0,6.0,23,11,1.15,2.8,170.0,0.0,0.0,0,0.8,0.0,0.0,3919.2,0.0,0.0,96.37,218.5,0.0,0.0,6.71,229664.2,4775.4,0.0,0.0,218.5,0.0,0.0,0.0,0.0,10.0,0.0,80.0
2374,Gevra,East Section,Between UK and LK (C) (OB),42 cum shovel CAT and PV,2024-05-08,14:24:20,SANDSTONE,2.35,7.88,381.0,8.2,19.0,6.0,19.0,40.0,0.0,3.0,13,11,1.15,6.2,814.62,0.0,0.0,0,0.8,0.0,0.0,10611.3,0.0,0.0,78.02,247.0,0.0,0.0,6.71,620436.3,4775.4,0.0,0.0,247.0,0.0,0.0,0.0,0.0,10.0,0.0,80.0
2408,Gevra,East Section,Between UK and LK (C) (OB),42 cum shovel CAT and PV,2024-05-10,14:27:47,SANDSTONE,2.35,8.78,381.0,7.9,18.55,6.86,19.0,40.0,0.0,4.0,11,11,1.15,6.01,786.45,0.0,0.0,0,0.8,0.0,0.0,8668.55,0.0,0.0,75.44,204.0,0.0,0.0,6.71,506921.42,4775.4,0.0,0.0,204.0,0.0,0.0,0.0,0.0,10.0,0.0,80.0
2409,Gevra,West Section,E & F (coal),16 cum L and T make shovel,2024-05-11,13:55:48,SHALY COAL,2.35,3.86,259.0,4.58,7.91,5.99,9.0,40.0,0.0,5.0,38,11,1.15,1.91,115.79,0.0,0.0,0,0.4,0.0,0.0,4410.5,0.0,0.0,227.73,300.7,0.0,0.0,6.71,258510.5,4775.4,0.0,0.0,300.7,0.0,0.0,0.0,0.0,10.0,0.0,80.0
2410,Gevra,East Section,Between UK and LK (C) (OB),42 cum shovel CAT and PV,2024-05-14,14:12:05,SANDSTONE,2.35,6.98,381.0,7.91,18.05,12.59,18.0,40.0,0.0,3.0,19,11,1.15,5.45,714.73,0.0,0.0,0,0.4,0.0,0.0,13610.22,0.0,0.0,239.21,343.0,0.0,0.0,6.71,796939.02,4775.4,0.0,0.0,343.0,0.0,0.0,0.0,0.0,10.0,0.0,80.0
2411,Gevra,East Section,Between UK and LK (C) (OB),42 cum shovel CAT and PV,2024-05-15,15:03:39,SANDSTONE,2.35,14.42,381.0,16.36,18.6,12.79,19.0,40.0,0.0,3.0,10,11,1.15,5.79,760.0,0.0,0.0,0,0.4,0.0,0.0,7615.2,0.0,0.0,127.94,186.0,0.0,0.0,6.71,445223.2,4775.4,0.0,0.0,186.0,0.0,0.0,0.0,0.0,10.0,0.0,80.0
2412,Gevra,East Section,Between UK and LK (C) (OB),42 cum shovel CAT and PV,2024-05-16,14:34:12,SANDSTONE,2.35,7.44,381.0,8.17,18.0,6.12,19.0,40.0,0.0,4.0,9,11,1.15,5.88,770.0,0.0,0.0,0,0.8,0.0,0.0,6944.4,0.0,0.0,55.08,162.0,0.0,0.0,6.71,406211.4,4775.4,0.0,0.0,162.0,0.0,0.0,0.0,0.0,10.0,0.0,80.0
2417,Gevra,East Section,Between UK and LK (C) (OB),42 cum shovel CAT and PV,2024-05-17,14:36:25,SANDSTONE,2.35,6.68,381.0,10.47,16.56,11.7,18.0,40.0,0.0,3.0,14,11,1.15,4.85,635.71,0.0,0.0,0,0.4,0.0,0.0,8918.53,0.0,0.0,163.81,231.8,0.0,0.0,6.71,521701.73,4775.4,0.0,0.0,231.8,0.0,0.0,0.0,0.0,10.0,0.0,80.0
2418,Gevra,East Section,Between UK and LK (C) (OB),42 cum shovel CAT and PV,2024-05-18,15:01:54,SANDSTONE,2.35,9.97,381.0,10.6,19.0,7.85,18.0,40.0,0.0,2.0,6,11,1.15,5.71,750.0,0.0,0.0,0,0.73,0.0,0.0,4509.0,0.0,0.0,47.12,114.0,0.0,0.0,6.71,263619.0,4775.4,0.0,0.0,114.0,0.0,0.0,0.0,0.0,10.0,0.0,80.0
2429,Gevra,East Section,Between UK and LK (C) (OB),42 cum shovel CAT and PV,2024-05-19,14:42:03,SANDSTONE,2.35,7.25,381.0,6.73,19.0,6.77,19.0,40.0,0.0,5.0,15,11,1.15,5.71,750.0,0.0,0.0,0,0.8,0.0,0.0,11272.5,0.0,0.0,101.55,285.0,0.0,0.0,6.71,659047.5,4775.4,0.0,0.0,285.0,0.0,0.0,0.0,0.0,10.0,0.0,80.0
2430,Gevra,East Section,Between UK and LK (C) (OB),42 cum shovel CAT and PV,2024-05-20,14:14:46,SANDSTONE,2.35,7.2,381.0,9.3,18.18,12.09,19.0,40.0,0.0,4.0,14,11,1.15,6.08,797.86,0.0,0.0,0,0.4,0.0,0.0,11192.4,0.0,0.0,169.19,254.5,0.0,0.0,6.71,654387.4,4775.4,0.0,0.0,254.5,0.0,0.0,0.0,0.0,10.0,0.0,80.0
2464,Gevra,West Section,E & F (coal),16 cum L and T make shovel,2024-05-23,14:16:23,SANDSTONE,2.35,2.97,259.0,4.81,5.0,4.17,9.0,40.0,0.0,3.0,23,11,1.15,0.82,50.0,0.0,0.0,0,0.4,0.0,0.0,1152.3,0.0,0.0,95.91,115.0,0.0,0.0,6.71,67369.3,4775.4,0.0,0.0,115.0,0.0,0.0,0.0,0.0,10.0,0.0,80.0
2465,Gevra,East Section,Between UK and LK (C) (OB),42 cum shovel CAT and PV,2024-05-23,14:46:22,SANDSTONE,2.35,5.34,381.0,8.9,18.0,6.43,19.0,40.0,0.0,3.0,8,11,1.15,6.03,791.25,0.0,0.0,0,0.8,0.0,0.0,6343.4,0.0,0.0,51.46,144.0,0.0,0.0,6.71,371150.4,4775.4,0.0,0.0,144.0,0.0,0.0,0.0,0.0,10.0,0.0,80.0
2466,Gevra,East Section,Between UK and LK (C) (OB),42 cum shovel CAT and PV,2024-05-24,13:55:11,SANDSTONE,2.35,5.63,381.0,7.72,19.0,6.89,19.0,40.0,0.0,1.0,9,11,1.15,6.09,800.0,0.0,0.0,0,0.8,0.0,0.0,7214.4,0.0,0.0,62.01,171.0,0.0,0.0,6.71,421790.4,4775.4,0.0,0.0,171.0,0.0,0.0,0.0,0.0,10.0,0.0,80.0
2467,Gevra,East Section,Between UK and LK (C) (OB),42 cum shovel CAT and PV,2024-05-25,15:07:45,SANDSTONE,2.35,7.52,381.0,8.67,19.0,6.39,19.0,40.0,0.0,5.0,9,11,1.15,6.09,800.0,0.0,0.0,0,0.8,0.0,0.0,7214.4,0.0,0.0,57.51,171.0,0.0,0.0,6.71,421790.4,0.0,0.0,0.0,171.0,0.0,0.0,0.0,0.0,10.0,0.0,80.0
2468,Gevra,East Section,Between UK and LK (C) (OB),42 cum shovel CAT and PV,2024-05-26,14:54:11,SANDSTONE,2.35,5.8,381.0,9.13,19.0,8.6,19.0,40.0,0.0,3.0,14,11,1.15,6.09,800.0,0.0,0.0,0,0.69,33056.7,14066.68,11222.4,124.27,0.0,120.46,266.0,0.0,0.0,6.71,656118.4,4775.4,0.0,0.0,266.0,0.0,0.0,0.0,2.95,10.0,0.0,80.0
2469,Gevra,East Section,Between UK and LK (C) (OB),42 cum shovel CAT and PV,2024-05-26,15:17:44,SANDSTONE,2.35,5.89,381.0,9.13,19.0,11.39,15.0,40.0,0.0,3.0,28,11,1.15,6.09,800.0,0.0,0.0,0,0.5,0.0,0.0,22444.8,0.0,0.0,318.92,532.0,0.0,0.0,6.71,1312236.8,4775.4,0.0,0.0,532.0,0.0,0.0,0.0,0.0,10.0,0.0,80.0
2526,Gevra,East Section,Between UK and LK (C) (OB),42 cum shovel CAT and PV,2024-06-07,14:36:22,SANDSTONE,2.35,6.08,381.0,6.9,19.0,6.51,19.0,40.0,0.0,2.0,15,11,1.15,6.48,850.0,0.0,0.0,0,0.8,0.0,0.0,12775.5,0.0,0.0,97.65,285.0,0.0,0.0,6.71,746920.5,4775.4,0.0,0.0,285.0,0.0,0.0,0.0,0.0,10.0,0.0,80.0
2527,Gevra,East Section,Between UK and LK (C) (OB),42 cum shovel CAT and PV,2024-06-08,13:59:38,SANDSTONE,2.35,8.62,381.0,6.82,19.0,6.01,19.0,40.0,0.0,7.0,21,11,1.15,6.48,850.0,0.0,0.0,0,0.8,53730.09,22863.87,17885.7,134.66,0.0,126.21,399.0,0.0,0.0,6.71,1045688.7,4775.4,0.0,0.0,399.0,0.0,0.0,0.0,3.0,10.0,0.0,80.0
2528,Gevra,East Section,Between UK and LK (C) (OB),42 cum shovel CAT and PV,2024-06-09,15:29:16,SANDSTONE,2.35,6.08,381.0,12.84,15.0,8.02,19.0,40.0,0.0,3.0,15,11,1.15,4.57,600.0,0.0,0.0,0,0.61,0.0,0.0,9018.0,0.0,0.0,120.3,225.0,0.0,0.0,6.71,527238.0,4775.4,0.0,0.0,225.0,0.0,0.0,0.0,0.0,10.0,0.0,80.0
2529,Gevra,East Section,Between UK and LK (C) (OB),42 cum shovel CAT and PV,2024-06-10,14:25:11,SANDSTONE,2.35,7.2,381.0,7.57,19.0,6.51,19.0,40.0,0.0,5.0,16,11,1.15,6.48,850.0,0.0,0.0,0,0.8,0.0,0.0,13627.2,0.0,0.0,104.16,304.0,0.0,0.0,6.71,796715.2,4775.4,0.0,0.0,304.0,0.0,0.0,0.0,0.0,10.0,0.0,80.0
2557,Gevra,East Section,Between UK and LK (C) (OB),42 cum shovel CAT and PV,2024-06-18,14:52:55,SANDSTONE,2.35,6.71,381.0,8.7,19.0,6.39,19.0,40.0,0.0,4.0,10,11,1.15,6.09,800.0,0.0,0.0,0,0.8,0.0,0.0,8017.0,0.0,0.0,63.9,190.0,0.0,0.0,6.71,469097.0,4775.4,0.0,0.0,190.0,0.0,0.0,0.0,0.0,10.0,0.0,80.0
2558,Gevra,East Section,Between UK and LK (C) (OB),42 cum shovel CAT and PV,2024-06-17,14:18:59,SANDSTONE,2.35,4.61,381.0,7.74,15.0,6.02,19.0,40.0,0.0,2.0,14,11,1.15,4.76,624.29,0.0,0.0,0,0.8,0.0,0.0,8757.43,0.0,0.0,84.33,210.0,0.0,0.0,6.71,511984.63,4775.4,0.0,0.0,210.0,0.0,0.0,0.0,0.0,10.0,0.0,80.0
2559,Gevra,East Section,Between UK and LK (C) (OB),42 cum shovel CAT and PV,2024-06-16,15:14:18,SANDSTONE,2.35,5.76,381.0,8.23,18.6,6.69,19.0,40.0,0.0,3.0,10,11,1.15,6.09,800.0,0.0,0.0,0,0.8,0.0,0.0,8016.0,0.0,0.0,66.9,186.0,0.0,0.0,6.71,468656.0,4775.4,0.0,0.0,186.0,0.0,0.0,0.0,0.0,10.0,0.0,80.0
2560,Gevra,East Section,Between UK and LK (C) (OB),42 cum shovel CAT and PV,2024-06-13,13:43:24,SANDSTONE,2.35,6.33,381.0,7.14,19.0,6.51,19.0,40.0,0.0,3.0,16,11,1.15,6.48,850.0,0.0,0.0,0,0.8,0.0,0.0,13627.2,0.0,0.0,104.16,304.0,0.0,0.0,6.71,796715.2,4775.4,0.0,0.0,304.0,0.0,0.0,0.0,0.0,10.0,0.0,80.0
2561,Gevra,East Section,Between UK and LK (C) (OB),42 cum shovel CAT and PV,2024-06-12,14:28:08,SANDSTONE,2.35,6.79,381.0,8.82,19.0,6.51,19.0,40.0,0.0,3.0,18,11,1.15,6.48,850.0,0.0,0.0,0,0.8,0.0,0.0,15330.6,0.0,0.0,117.18,342.0,0.0,0.0,6.71,896304.6,4775.4,0.0,0.0,342.0,0.0,0.0,0.0,0.0,10.0,0.0,80.0
2562,Gevra,East Section,Between UK and LK (C) (OB),42 cum shovel CAT and PV,2024-06-02,14:13:18,SANDSTONE,2.35,5.36,381.0,8.34,19.0,6.51,19.0,40.0,0.0,3.0,21,11,1.15,6.48,850.0,0.0,0.0,0,0.8,0.0,0.0,17885.7,0.0,0.0,136.71,399.0,0.0,0.0,6.71,1045688.7,4775.4,0.0,0.0,399.0,0.0,0.0,0.0,0.0,10.0,0.0,80.0
2563,Gevra,East Section,Between UK and LK (C) (OB),42 cum shovel CAT and PV,2024-06-05,14:23:45,SANDSTONE,2.35,5.87,381.0,9.04,15.59,6.11,19.0,40.0,0.0,2.0,11,11,1.15,4.74,622.73,0.0,0.0,0,0.69,0.0,0.0,6863.7,0.0,0.0,67.17,171.5,0.0,0.0,6.71,401286.7,4775.4,0.0,0.0,171.5,0.0,0.0,0.0,0.0,10.0,0.0,80.0
2564,Gevra,East Section,Between UK and LK (C) (OB),42 cum shovel CAT and PV,2024-06-04,14:24:28,SANDSTONE,2.35,16.38,381.0,12.23,19.0,6.69,19.0,40.0,0.0,5.0,24,11,1.15,6.09,800.0,0.0,0.0,0,0.8,0.0,0.0,19238.4,0.0,0.0,160.56,456.0,0.0,0.0,6.71,1124774.4,4775.4,0.0,0.0,456.0,0.0,0.0,0.0,0.0,10.0,0.0,80.0
2580,Gevra,West Section,E & F (coal),16 cum L and T make shovel,2024-06-19,14:03:35,SANDSTONE,2.35,3.67,259.0,4.43,8.25,6.51,9.0,40.0,0.0,4.0,30,11,1.15,1.73,105.0,0.0,0.0,0,0.4,0.0,0.0,3157.5,0.0,0.0,195.3,247.5,0.0,0.0,6.71,185062.5,4775.4,0.0,0.0,247.5,0.0,0.0,0.0,0.0,10.0,0.0,80.0
2581,Gevra,East Section,Between UK and LK (C) (OB),42 cum shovel CAT and PV,2024-06-19,14:49:20,SANDSTONE,2.35,6.42,381.0,7.89,18.75,9.64,19.0,40.0,0.0,3.0,14,11,1.15,6.09,800.0,0.0,0.0,0,0.6,0.0,0.0,11222.4,0.0,0.0,134.96,262.43,0.0,0.0,6.71,656118.4,4775.4,0.0,0.0,262.43,0.0,0.0,0.0,0.0,10.0,0.0,80.0
2582,Gevra,East Section,Between UK and LK (C) (OB),42 cum shovel CAT and PV,2024-06-20,15:13:24,SANDSTONE,2.35,6.12,381.0,7.89,15.0,10.42,19.0,40.0,0.0,5.0,14,11,1.15,4.57,600.0,0.0,0.0,0,0.4,0.0,0.0,8416.8,0.0,0.0,145.88,210.0,0.0,0.0,6.71,492088.8,4775.4,0.0,0.0,210.0,0.0,0.0,0.0,0.0,10.0,0.0,80.0
2583,Gevra,East Section,Between UK and LK (C) (OB),42 cum shovel CAT and PV,2024-06-21,14:11:18,SANDSTONE,2.35,7.19,381.0,8.48,19.0,6.51,19.0,40.0,0.0,3.0,17,11,1.15,6.48,850.0,0.0,0.0,0,0.8,0.0,0.0,14478.9,0.0,0.0,110.67,323.0,0.0,0.0,6.71,846509.9,4775.4,0.0,0.0,323.0,0.0,0.0,0.0,0.0,10.0,0.0,80.0
2584,Gevra,East Section,Between UK and LK (C) (OB),42 cum shovel CAT and PV,2024-06-21,14:49:12,SANDSTONE,2.35,5.98,381.0,9.88,18.5,6.39,19.0,40.0,0.0,2.0,10,11,1.15,6.09,800.0,0.0,0.0,0,0.8,0.0,0.0,8016.0,0.0,0.0,63.9,185.0,0.0,0.0,6.71,468656.0,4775.4,0.0,0.0,185.0,0.0,0.0,0.0,0.0,10.0,0.0,80.0
2585,Gevra,East Section,Between UK and LK (C) (OB),42 cum shovel CAT and PV,2024-06-22,14:35:03,SANDSTONE,2.35,7.08,381.0,9.15,19.0,6.13,19.0,40.0,0.0,4.0,15,11,1.15,6.86,900.0,0.0,0.0,0,0.8,0.0,0.0,13528.35,0.0,0.0,91.95,285.0,0.0,0.0,6.71,791452.35,4775.4,0.0,0.0,285.0,0.0,0.0,0.0,0.0,10.0,0.0,80.0
2621,Gevra,East Section,Between UK and LK (C) (OB),42 cum shovel CAT and PV,2024-07-01,15:18:06,SANDSTONE,2.35,6.5,381.0,6.37,19.0,9.43,19.0,40.0,0.0,3.0,11,11,1.15,6.55,860.0,0.0,0.0,0,0.62,0.0,0.0,9479.69,0.0,0.0,103.73,209.0,0.0,0.0,6.71,554525.29,4775.4,0.0,0.0,209.0,0.0,0.0,0.0,0.0,10.0,0.0,80.0
2622,Gevra,East Section,Between UK and LK (C) (OB),42 cum shovel CAT and PV,2024-07-02,14:39:04,SANDSTONE,2.35,7.17,381.0,9.43,15.0,5.83,19.0,40.0,0.0,3.0,14,11,1.15,4.63,607.14,0.0,0.0,0,0.8,0.0,0.0,8516.9,0.0,0.0,81.66,210.0,0.0,0.0,6.71,497902.9,4775.4,0.0,0.0,210.0,0.0,0.0,0.0,0.0,10.0,0.0,80.0
2623,Gevra,East Section,Between UK and LK (C) (OB),42 cum shovel CAT and PV,2024-07-03,14:24:11,SANDSTONE,2.35,7.47,381.0,9.66,18.21,6.7,19.0,40.0,0.0,3.0,40,11,1.15,6.13,803.75,0.0,0.0,0,0.8,0.0,0.0,32214.52,0.0,0.0,267.87,728.5,0.0,0.0,6.71,1883508.32,4775.4,0.0,0.0,728.5,0.0,0.0,0.0,0.0,10.0,0.0,80.0
2624,Gevra,East Section,Between UK and LK (C) (OB),42 cum shovel CAT and PV,2024-06-30,14:07:49,COAL,2.35,5.74,381.0,8.87,17.0,7.8,15.0,40.0,0.0,3.0,12,11,1.15,5.0,655.0,0.0,0.0,0,0.7,0.0,0.0,7876.08,0.0,0.0,93.54,204.0,0.0,0.0,6.71,460613.28,4775.4,0.0,0.0,204.0,0.0,0.0,0.0,0.0,10.0,0.0,80.0
2625,Gevra,East Section,Between UK and LK (C) (OB),42 cum shovel CAT and PV,2024-06-28,11:42:39,SANDSTONE,2.35,5.09,381.0,8.13,18.0,6.39,19.0,40.0,0.0,2.0,14,11,1.15,6.09,800.0,0.0,0.0,0,0.8,0.0,0.0,11222.84,0.0,0.0,89.46,252.0,0.0,0.0,6.71,656312.44,4775.4,0.0,0.0,252.0,0.0,0.0,0.0,0.0,10.0,0.0,80.0
2626,Gevra,East Section,Between UK and LK (C) (OB),42 cum shovel CAT and PV,2024-06-25,15:05:47,SANDSTONE,2.35,6.96,381.0,8.24,15.0,5.44,15.0,40.0,0.0,3.0,14,11,1.15,5.12,671.43,0.0,0.0,0,0.8,0.0,0.0,9419.08,0.0,0.0,76.2,210.0,0.0,0.0,6.71,550794.28,4775.4,0.0,0.0,210.0,0.0,0.0,0.0,0.0,10.0,0.0,80.0
2646,Gevra,West Section,E & F (coal),16 cum L and T make shovel,2024-07-06,15:14:58,SHALY COAL,2.35,5.59,159.0,4.17,7.0,4.37,6.0,40.0,0.0,3.0,16,11,1.15,2.63,60.0,0.0,0.0,0,0.4,0.0,0.0,961.6,0.0,0.0,69.92,112.0,0.0,0.0,6.71,56097.6,0.0,0.0,0.0,112.0,0.0,0.0,0.0,0.0,10.0,0.0,80.0
2647,Gevra,East Section,Between UK and LK (C) (OB),42 cum shovel CAT and PV,2024-07-07,14:40:58,SANDSTONE,2.35,7.19,381.0,7.75,19.0,6.88,19.0,40.0,0.0,4.0,13,11,1.15,6.35,833.85,0.0,0.0,0,0.8,34805.83,14810.99,10861.58,140.91,34805.83,89.38,247.0,0.0,0.0,6.71,634984.8,1310.4,500.0,123500.0,247.0,0.0,0.0,3.2,3.2,10.0,0.0,80.0
2648,Gevra,East Section,Between E & F and UK (OB),42 cum shovel CAT and PV,2024-07-08,14:37:14,SANDSTONE,2.35,8.5,381.0,11.1,18.91,6.02,19.0,62.92,0.0,2.0,11,11,1.15,6.09,800.0,1.15,0.0,0,0.8,43391.11,18464.3,8818.7,208.6,0.0,66.22,208.01,0.0,0.0,6.71,516006.7,2681.28,0.0,0.0,208.01,16800.0,16800.0,0.0,4.92,1.02,7.84,91.13
2649,Gevra,East Section,Between UK and LK (C) (OB),42 cum shovel CAT and PV,2024-07-08,15:15:33,SANDSTONE,2.35,5.75,381.0,10.17,19.0,6.51,19.0,70.77,0.0,3.0,19,11,1.15,6.48,850.0,0.0,0.0,0,0.8,0.0,0.0,16182.3,0.0,0.0,123.69,361.0,0.0,0.0,6.71,946099.3,4775.4,0.0,0.0,361.0,0.0,0.0,0.0,0.0,10.0,0.0,80.0
2650,Gevra,East Section,Between E & F and UK (OB),42 cum shovel CAT and PV,2024-07-09,13:58:32,SANDSTONE,2.35,4.7,381.0,6.26,19.0,6.88,19.0,32.41,0.0,2.0,9,11,1.15,6.43,843.33,0.0,0.0,0,0.8,16996.68,7232.63,7605.3,99.4,16996.68,61.95,171.0,0.0,0.0,6.71,444690.3,1270.08,500.0,85500.0,171.0,24000.0,24000.0,2.23,2.23,13.0,5.0,77.0
2651,Gevra,East Section,Between E & F and UK (OB),42 cum shovel CAT and PV,2024-07-10,14:36:38,SANDSTONE,2.35,6.96,381.0,8.38,19.0,6.89,19.0,32.07,0.0,3.0,12,11,1.15,6.09,800.0,0.0,0.0,0,0.8,0.0,0.0,9619.2,0.0,0.0,82.68,228.0,0.0,0.0,6.71,562387.2,4775.4,0.0,0.0,228.0,0.0,0.0,0.0,0.0,10.0,0.0,80.0
2652,Gevra,East Section,Between UK and LK (C) (OB),42 cum shovel CAT and PV,2024-07-10,15:05:49,SANDSTONE,2.35,5.72,381.0,7.26,10.0,3.91,10.0,42.76,0.0,6.0,33,11,1.15,2.53,332.42,0.0,0.0,0,0.8,0.0,0.0,10992.77,0.0,0.0,128.95,330.0,0.0,0.0,6.71,643010.57,4775.4,0.0,0.0,330.0,0.0,0.0,0.0,0.0,10.0,0.0,80.0
2653,Gevra,East Section,Between UK and LK (C) (OB),42 cum shovel CAT and PV,2024-07-12,14:44:57,SANDSTONE,2.35,6.33,381.0,8.69,19.03,8.43,19.0,37.27,0.0,4.0,15,11,1.15,6.55,860.0,0.0,0.0,0,0.69,0.0,0.0,12925.5,0.0,0.0,126.45,285.5,0.0,0.0,6.71,755575.5,4775.4,0.0,0.0,285.5,0.0,0.0,0.0,0.0,10.0,0.0,80.0
2654,Gevra,East Section,Between E & F and UK (OB),42 cum shovel CAT and PV,2024-07-14,14:45:38,SANDSTONE,2.35,6.11,381.0,9.18,19.0,6.71,19.0,36.23,0.0,3.0,12,11,1.15,6.48,850.0,0.0,0.0,0,0.8,38414.6,16346.64,10220.4,168.49,0.0,80.52,228.0,0.0,0.0,6.71,597536.4,4775.4,0.0,0.0,228.0,0.0,0.0,0.0,3.76,10.0,0.0,80.0
2663,Gevra,East Section,Between UK and LK (C) (OB),42 cum shovel CAT and PV,2024-07-15,15:10:54,SANDSTONE,2.35,5.3,381.0,7.6,18.08,6.09,19.0,52.2,0.0,2.0,13,11,1.15,6.2,813.85,0.0,0.0,0,0.8,0.0,0.0,10600.9,0.0,0.0,79.21,235.0,0.0,0.0,6.71,619682.9,4775.4,0.0,0.0,235.0,0.0,0.0,0.0,0.0,10.0,0.0,80.0
2664,Gevra,East Section,Between UK and LK (C) (OB),42 cum shovel CAT and PV,2024-07-16,14:30:57,SANDSTONE,2.35,4.21,381.0,8.57,17.88,6.5,19.0,53.67,0.0,2.0,12,11,1.15,6.05,794.17,0.0,0.0,0,0.8,0.0,0.0,9549.1,0.0,0.0,78.05,214.5,0.0,0.0,6.71,558304.1,4775.4,0.0,0.0,214.5,0.0,0.0,0.0,0.0,10.0,0.0,80.0
2676,Gevra,East Section,Between UK and LK (C) (OB),42 cum shovel CAT and PV,2024-07-19,15:11:01,SANDSTONE,2.35,6.39,381.0,9.07,19.0,6.51,19.0,51.3,0.0,2.0,11,11,1.15,6.48,850.0,0.0,0.0,0,0.8,0.0,0.0,9368.7,0.0,0.0,71.61,209.0,0.0,0.0,6.71,547741.7,4775.4,0.0,0.0,209.0,0.0,0.0,0.0,0.0,10.0,0.0,80.0
2677,Gevra,East Section,Between UK and LK (C) (OB),42 cum shovel CAT and PV,2024-07-20,14:40:45,SANDSTONE,2.35,4.38,381.0,8.38,19.0,6.51,19.0,41.72,0.0,2.0,8,11,1.15,6.48,850.0,0.0,0.0,0,0.8,0.0,0.0,6813.6,0.0,0.0,52.08,152.0,0.0,0.0,6.71,398357.6,4775.4,0.0,0.0,152.0,0.0,0.0,0.0,0.0,10.0,0.0,80.0
2678,Gevra,East Section,Between UK and LK (C) (OB),42 cum shovel CAT and PV,2024-07-20,14:12:41,SANDSTONE,2.35,6.88,381.0,7.52,10.47,8.05,10.0,33.27,0.0,5.0,19,11,1.15,2.41,316.36,0.0,0.0,0,0.4,0.0,0.0,6022.9,0.0,0.0,153.04,199.0,0.0,0.0,6.71,352132.43,4775.4,0.0,0.0,199.0,0.0,0.0,0.0,0.0,10.0,0.0,80.0
2680,Gevra,East Section,Between UK and LK (C) (OB),42 cum shovel CAT and PV,2024-07-21,14:31:12,SANDSTONE,2.35,8.5,381.0,7.85,19.0,6.61,19.0,65.48,0.0,2.0,16,11,1.15,1.52,200.0,1.15,3.57,600,0.8,45284.92,19270.18,12825.6,148.96,45284.92,105.76,304.0,0.0,0.0,6.71,749849.6,2336.0,500.0,152000.0,304.0,0.0,16800.0,3.53,3.53,0.57,11.24,88.17
2708,Gevra,East Section,Between UK and LK (C) (OB),42 cum shovel CAT and PV,2024-08-01,15:53:15,SANDSTONE,2.35,4.54,381.0,6.92,7.27,5.88,7.0,40.0,0.0,3.0,11,11,1.15,1.39,182.38,0.0,0.0,0,0.4,9363.65,3984.53,2028.16,117.05,9363.65,64.69,80.0,20.0,0.0,6.71,125457.4,443.52,500.0,40000.0,80.0,0.0,16800.0,4.62,4.62,15.0,25.0,60.0
2712,Gevra,East Section,Between UK and LK (C) (OB),42 cum shovel CAT and PV,2024-08-04,14:07:15,SANDSTONE,2.35,6.74,381.0,9.25,16.5,6.56,19.0,38.0,0.0,3.0,12,11,1.15,5.54,725.77,0.0,0.0,0,0.73,39748.32,16914.18,8726.6,200.75,39748.32,78.68,198.0,12.0,0.0,6.71,510171.3,4032.0,500.0,99000.0,198.0,0.0,16800.0,4.55,4.55,3.0,10.0,87.0
2717,Gevra,East Section,Between E & F and UK (OB),42 cum shovel CAT and PV,2024-08-06,14:37:06,SANDSTONE,2.35,5.91,381.0,8.6,19.0,6.21,19.0,65.21,0.0,4.0,19,11,1.15,6.78,889.78,0.0,0.0,0,0.8,87844.2,37380.51,16939.83,243.34,87844.2,117.99,361.0,17.0,122.0,5.1,990464.3,2920.0,500.0,180500.0,361.0,16800.0,16800.0,5.19,5.19,10.0,0.0,80.0
2728,Gevra,East Section,Between UK and LK (C) (OB),42 cum shovel CAT and PV,2024-08-23,14:00:21,SANDSTONE,2.35,6.0,381.0,6.07,17.73,5.92,19.0,26.75,0.0,3.0,11,11,1.15,5.71,748.86,0.0,0.0,0,0.76,24724.82,10521.2,8253.84,126.79,24724.82,65.1,195.0,12.0,0.0,6.71,482544.2,4179.84,500.0,97500.0,195.0,0.0,16800.0,3.0,3.0,1.0,12.0,87.0
2729,Gevra,East Section,Between UK and LK (C) (OB),42 cum shovel CAT and PV,2024-08-24,14:30:21,SANDSTONE,2.35,7.11,381.0,9.24,16.67,8.6,17.0,52.29,0.0,7.0,30,11,1.15,5.31,696.35,0.0,0.0,0,0.6,96377.38,41011.65,20932.35,192.75,99977.38,257.85,500.0,16.0,127.0,11.07,1223819.0,5523.84,500.0,250000.0,500.0,0.0,14400.0,4.78,4.6,3.5,6.5,87.0
2730,Gevra,East Section,Between UK and LK (C) (OB),42 cum shovel CAT and PV,2024-08-26,14:27:18,SANDSTONE,2.35,7.1,381.0,8.17,18.0,12.8,16.0,41.56,0.0,2.0,2,11,1.4,5.19,829.57,0.0,0.0,0,0.4,25976.97,11054.03,4871.62,240.53,25976.97,51.12,108.0,21.0,135.0,5.0,919493.9,2069.76,500.0,54000.0,108.0,14400.0,14400.0,5.33,5.33,1.0,10.0,89.0
2730,Gevra,East Section,Between UK and LK (C) (OB),42 cum shovel CAT and PV,2024-08-26,14:27:18,SANDSTONE,2.35,4.0,381.0,8.56,18.0,6.38,16.0,41.56,0.0,2.0,4,11,1.15,6.11,800.67,0.0,0.0,0,0.8,25976.97,11054.03,4871.62,240.53,25976.97,51.12,108.0,21.0,135.0,5.0,919493.9,2069.76,500.0,54000.0,108.0,14400.0,14400.0,5.33,5.33,1.0,10.0,89.0
2738,Gevra,East Section,Between UK and LK (C) (OB),42 cum shovel CAT and PV,2024-08-29,14:55:30,SANDSTONE,2.35,9.2,381.0,8.32,18.0,12.11,18.0,40.0,0.0,2.0,12,11,1.15,5.88,770.53,0.0,0.0,0,0.4,55484.13,23610.27,9265.56,256.87,55484.13,145.32,216.0,11.0,127.0,12.01,541982.2,2419.2,500.0,108000.0,216.0,14400.0,14400.0,5.99,5.99,2.0,12.0,86.0
2745,Gevra,East Section,Between UK and LK (C) (OB),42 cum shovel CAT and PV,2024-08-30,13:40:56,SANDSTONE,2.35,7.4,381.0,7.14,19.0,6.01,19.0,39.57,0.0,5.0,17,11,1.15,6.48,850.47,0.0,0.0,0,0.8,83282.4,35439.32,14486.89,257.84,83282.4,102.17,323.0,16.5,135.0,4.7,846970.9,4798.08,500.0,161500.0,323.0,12000.0,12000.0,5.75,5.75,10.0,0.0,80.0
2756,Gevra,East Section,Between UK and LK (C) (OB),42 cum shovel CAT and PV,2024-09-01,15:38:56,SANDSTONE,2.35,6.46,381.0,9.69,19.0,7.01,19.0,57.87,0.0,2.0,7,11,1.15,6.48,850.46,0.0,0.0,0,0.8,52428.03,22309.8,5965.12,394.2,52428.03,49.07,133.0,9.2,0.0,6.71,348748.7,1975.68,500.0,66500.0,133.0,12000.0,12000.0,8.79,8.79,10.0,0.0,80.0
2775,Gevra,East Section,Between UK and LK (C) (OB),42 cum shovel CAT and PV,2024-09-04,13:44:56,SHALY COAL,1.65,8.38,381.0,7.9,15.97,6.46,19.0,39.92,0.0,5.0,19,11,1.15,5.24,687.15,0.0,0.0,0,0.67,57214.0,34675.15,13081.89,188.51,57214.0,122.83,303.5,11.0,125.0,13.09,764813.8,1948.8,500.0,151750.0,303.5,14400.0,14400.0,4.37,4.37,1.0,55.0,44.0
2776,Gevra,East Section,Between UK and LK (C) (OB),42 cum shovel CAT and PV,2024-09-05,14:08:11,SHALY COAL,1.65,3.8,381.0,9.7,19.0,6.51,19.0,107.99,0.0,2.0,13,11,1.15,6.48,850.47,0.0,0.0,0,0.8,26376.03,15985.47,11078.21,106.79,26376.03,84.63,247.0,17.0,0.0,6.71,647683.7,3057.6,500.0,123500.0,247.0,12000.0,12000.0,2.38,2.38,10.0,0.0,80.0
2777,Gevra,East Section,Between E & F and UK (OB),42 cum shovel CAT and PV,2024-09-07,14:58:56,SANDSTONE,2.35,6.26,381.0,10.69,14.98,10.13,15.0,38.82,0.0,6.0,20,11,1.15,4.84,634.45,0.0,0.0,0,0.4,77542.79,32996.93,12714.62,258.91,77542.79,202.56,299.5,14.7,114.8,4.73,743488.3,3035.8,500.0,149750.0,299.5,14400.0,14400.0,6.1,6.1,2.0,9.0,89.0
2778,Gevra,East Section,Between E & F and UK (OB),42 cum shovel CAT and PV,2024-09-08,13:56:50,SANDSTONE,2.35,10.64,381.0,4.17,10.0,8.11,15.0,62.88,0.0,4.0,1,11,1.4,1.87,299.92,0.0,0.0,0,0.4,55395.87,23572.71,16425.4,138.41,55395.87,148.86,400.23,9.0,124.78,8.2,1074181.0,6071.6,500.0,200115.0,400.23,12000.0,12000.0,3.37,3.37,5.0,12.0,83.0
2778,Gevra,East Section,Between E & F and UK (OB),42 cum shovel CAT and PV,2024-09-08,13:56:50,SANDSTONE,2.35,6.72,381.0,7.8,16.97,6.12,15.0,62.88,0.0,4.0,23,11,1.15,5.34,699.78,0.0,0.0,0,0.8,55395.87,23572.71,16425.4,138.41,55395.87,148.86,400.23,9.0,124.78,8.2,1074181.0,6071.6,500.0,200115.0,400.23,12000.0,12000.0,3.37,3.37,5.0,12.0,83.0
2779,Gevra,East Section,Between UK and LK (C) (OB),42 cum shovel CAT and PV,2024-09-09,14:02:21,SANDSTONE,2.35,5.03,381.0,8.68,19.0,6.01,19.0,57.05,0.0,2.0,12,11,1.15,6.48,850.47,0.0,0.0,0,0.0,34834.07,14823.01,10205.64,152.78,0.0,72.12,228.0,0.0,116.2,4.91,588865.43,4192.56,500.0,133000.0,228.0,14400.0,14400.0,0.0,3.41,5.0,1.0,93.0
2780,Gevra,East Section,Between UK and LK (C) (OB),42 cum shovel CAT and PV,2024-09-11,14:26:46,SANDSTONE,2.35,5.15,381.0,10.59,17.18,8.04,19.0,67.77,0.0,2.0,12,11,1.15,5.43,712.76,0.0,0.0,0,0.0,43752.46,18618.07,8553.17,212.29,43752.46,96.46,206.1,21.0,122.0,4.68,493517.9,2851.04,500.0,103050.0,206.1,12000.0,12000.0,5.12,5.12,5.0,13.0,82.0
2782,Gevra,East Section,Between UK and LK (C) (OB),42 cum shovel CAT and PV,2024-09-09,13:54:33,SANDSTONE,2.35,14.0,381.0,15.68,19.0,6.51,19.0,123.03,0.0,2.0,10,11,1.15,6.48,850.46,0.0,0.0,0,0.8,35024.07,14903.86,8521.6,184.34,35024.07,65.1,190.0,9.0,135.0,6.8,498212.4,3035.8,500.0,95000.0,190.0,16800.0,16800.0,4.11,4.11,10.0,0.0,80.0
2783,Gevra,East Section,Between UK and LK (C) (OB),42 cum shovel CAT and PV,2024-09-18,14:23:00,SHALY COAL,1.65,7.76,381.0,6.67,19.0,6.51,19.0,21.21,0.0,5.0,14,11,1.15,6.48,850.46,0.0,0.0,0,0.8,25653.52,15547.59,11930.24,96.44,25653.52,91.14,266.0,58.0,132.0,6.62,547833.8,3689.52,500.0,133000.0,266.0,16800.0,16800.0,2.15,2.15,1.0,13.0,85.0
2786,Gevra,East Section,Between UK and LK (C) (OB),42 cum shovel CAT and PV,2024-09-26,15:03:04,SANDSTONE,2.35,5.64,381.0,9.27,19.0,6.51,19.0,70.43,0.0,2.0,16,11,1.15,6.48,850.46,0.0,0.0,0,0.8,54399.77,23148.84,13636.0,178.95,106186.77,104.16,304.0,12.0,122.0,6.47,626745.2,4318.4,550.0,167200.0,304.0,14400.0,14400.0,7.79,3.99,10.0,0.0,80.0
2835,Gevra,East Section,Between UK and LK (C) (OB),42 cum shovel CAT and PV,2024-10-13,15:03:07,SANDSTONE,2.35,15.02,381.0,9.01,19.0,6.36,19.0,61.24,0.0,4.0,15,11,1.15,6.63,870.13,0.0,0.0,0,0.8,75729.97,32225.52,13078.8,265.72,75729.97,95.4,285.0,0.0,0.0,6.71,600883.3,3773.4,500.0,142500.0,285.0,12000.0,12000.0,5.79,5.79,10.0,0.0,80.0
2836,Gevra,East Section,Between UK and LK (C) (OB),42 cum shovel CAT and PV,2024-10-13,13:38:42,SANDSTONE,2.35,6.36,381.0,7.96,19.0,6.73,19.0,44.44,0.0,3.0,13,11,1.15,6.17,809.04,0.0,0.0,0,0.8,45990.28,19570.33,10539.66,186.2,45990.28,87.49,247.0,0.0,0.0,6.71,484414.7,3946.54,500.0,123500.0,247.0,16800.0,16800.0,4.36,4.36,10.0,0.0,80.0
2837,Gevra,East Section,Between UK and LK (C) (OB),42 cum shovel CAT and PV,2024-10-12,14:20:43,SANDSTONE,2.35,4.93,381.0,8.93,17.43,6.48,19.0,53.58,0.0,3.0,14,11,1.15,5.84,764.91,0.0,0.0,0,0.77,42105.3,17917.15,10730.19,172.56,42105.3,90.65,244.0,16.0,0.0,6.71,492725.4,4250.12,500.0,122000.0,244.0,14400.0,14400.0,3.92,3.92,10.0,0.0,80.0
2838,Gevra,East Section,Between UK and LK (C) (OB),42 cum shovel CAT and PV,2024-10-14,14:33:46,SANDSTONE,2.35,6.95,381.0,7.33,19.0,6.01,19.0,26.74,0.0,2.0,8,11,1.15,6.48,850.46,0.0,0.0,0,0.8,24244.97,10317.01,6817.28,159.51,24244.97,48.08,152.0,0.0,0.0,6.71,313047.9,1928.56,500.0,76000.0,152.0,14400.0,14400.0,3.56,3.56,10.0,0.0,80.0
