burden,spacing,holedia,hole_depth,sremming_length,bench_height,column_charge_density,rock_density,total_rows,hole_blasted,face_length,powder_factor,column_charge,avg_col_weight,drill_factor,production_ton_theoretical,ppv,total_drill_mtr,fragmentation_p80,theoretical_pf,blast_accessories_cost,drilling_cost,frag_in_range,frag_over_size,flyrock,air_blast,total_exp_cost,total_explosive_kg,burden_to_spacing_ratio,explosive_per_hole,charge_per_volume
8.0,9.0,381.0,17.0,5.99,17.0,1.15,2.35,3.0,18,0.0,3.12,3,900.0,165.6,50673.6,0.0,306.0,374.0,3.12,5306.4,153000.0,86.0,11.0,30.0,0.1,1256058.0,16227.0,0.8888888888888888,901.5,13.257352941176471
4.5,5.0,165.0,6.0,3.69,6.0,1.15,2.35,7.0,398,0.0,0.0,5,56.53,52.88,126265.5,0.0,2388.0,801.0,5.57,4775.4,95000.0,0.0,0.0,0.1,0.1,1476285.6,22658.14,0.9,56.93,167.83807407407406
7.0,10.0,381.0,19.5,8.63,19.0,1.15,2.35,6.0,34,0.0,3.47,3,900.0,160.28,106267.0,0.0,663.0,732.0,3.47,7480.0,95000.0,0.0,0.0,20.0,0.1,2364144.0,30659.5,0.7,901.75,23.052255639097744
6.5,10.0,381.0,19.0,7.41,19.0,1.15,2.35,5.0,28,0.0,3.24,3,892.86,152.75,81263.0,0.0,532.0,853.0,3.24,6160.0,95000.0,0.75,1.4,20.0,0.1,1931572.0,25049.0,0.65,894.6071428571429,20.282591093117407
8.0,10.0,381.0,19.0,7.7,20.0,1.15,2.35,3.0,26,0.0,4.36,3,860.0,197.89,97760.0,0.0,494.0,443.0,4.36,2184.0,95000.0,0.75,1.4,0.1,0.1,1737051.0,22405.5,0.8,861.75,14.0034375
8.0,10.0,381.0,19.0,13.0,19.0,1.15,2.35,6.0,27,0.0,4.29,3,831.12,188.0,96444.0,0.0,513.0,1050.0,4.29,4762.8,95000.0,0.75,1.4,20.0,0.1,1743936.0,22487.49,0.8,832.87,14.794401315789475
8.0,10.0,381.0,19.0,12.12,20.0,1.15,2.35,2.0,10,0.0,4.17,3,900.0,197.89,37600.0,0.0,190.0,498.0,4.17,2520.0,95000.0,0.75,1.4,0.1,0.1,698836.6,9017.5,0.8,901.75,5.6359375
8.0,10.0,381.0,19.0,6.4,20.0,1.15,2.35,5.0,30,0.0,4.35,3,863.0,188.0,107160.0,0.0,570.0,322.0,4.13,5292.0,95000.0,0.7,1.4,10.0,0.1,2011206.0,25942.5,0.8,864.75,16.2140625
8.5,9.0,381.0,19.0,6.27,20.0,1.15,2.35,4.0,14,0.0,4.08,3,880.0,148.42,39480.0,0.0,266.0,801.0,3.2,2469.6,95000.0,0.0,0.0,20.0,0.1,956853.2,12344.5,0.9444444444444444,881.75,8.068300653594772
8.0,9.5,381.0,18.0,6.35,20.0,1.15,2.35,5.0,14,0.0,4.0,3,870.0,198.44,50008.0,0.0,252.0,706.0,4.1,5040.0,95000.0,0.75,1.5,20.0,0.1,946094.2,12204.5,0.8421052631578947,871.75,8.029276315789474
8.0,10.0,381.0,19.0,6.14,20.0,1.15,2.35,3.0,17,0.0,4.18,3,897.64,197.89,63920.0,0.0,323.0,801.0,4.18,5317.2,95000.0,0.0,0.0,20.0,0.1,1184939.0,15289.63,0.8,899.39,9.55601875
8.0,10.0,381.0,19.0,11.99,19.0,1.15,2.35,2.0,14,0.0,4.46,3,800.0,188.0,50008.0,0.0,266.0,801.0,4.46,4775.4,95000.0,0.0,0.0,0.1,0.1,870781.17,11224.5,0.8,801.75,7.38453947368421
9.0,9.0,381.0,19.5,12.5,19.5,1.15,2.35,3.0,21,0.0,4.12,3,900.0,190.35,77948.33,0.0,409.5,801.0,4.12,0.0,95000.0,0.0,0.0,10.0,0.1,1460428.0,18937.8,1.0,901.8,11.98974358974359
8.5,9.0,381.0,19.5,6.47,19.5,1.15,2.35,4.0,28,0.0,4.12,3,850.0,179.78,98157.15,0.0,546.0,801.0,4.12,4838.4,95000.0,0.0,0.0,0.1,0.1,1838762.49,23846.2,0.9444444444444444,851.65,15.985386291268645
8.5,9.0,381.0,18.0,11.87,18.0,1.15,2.35,4.0,16,0.0,4.04,3,800.0,179.78,51775.2,0.0,288.0,801.0,4.04,4132.8,95000.0,0.0,0.0,15.0,0.1,989241.4,12826.4,0.9444444444444444,801.65,9.314742193173565
8.0,10.0,381.0,18.0,6.14,19.0,1.15,2.35,2.0,22,0.0,4.24,3,766.36,198.44,78584.0,4.27,396.0,1160.0,4.65,3880.8,95000.0,0.0,0.0,20.0,96.0,1311495.0,16898.42,0.8,768.1099999999999,11.117381578947366
8.0,11.0,381.0,15.5,6.0,19.0,1.15,2.35,2.0,22,0.0,4.36,3,733.2,253.5,86442.4,0.0,341.0,1030.0,5.35,3880.8,95000.0,0.75,1.4,20.0,0.1,1255432.0,16168.9,0.7272727272727273,734.9499999999999,9.670394736842105
8.0,9.0,381.0,17.0,5.22,19.0,1.15,2.35,3.0,29,0.0,3.81,3,756.55,189.11,93229.2,0.0,493.0,1910.0,4.24,15735.6,95000.0,0.75,1.4,10.0,0.1,1706926.0,21990.7,0.8888888888888888,758.3000000000001,16.075073099415206
8.5,9.0,381.0,19.0,6.56,19.0,1.15,2.35,2.0,20,0.0,4.05,3,842.5,179.78,68314.5,0.0,380.0,2620.0,4.05,24768.0,95000.0,0.75,1.4,20.0,0.1,1309296.0,16885.0,0.9444444444444444,844.25,11.616787065703475
8.6,9.0,381.0,19.0,6.18,20.0,1.15,2.35,4.0,24,0.0,3.79,3,892.9,191.46,87307.2,0.0,456.0,2320.0,4.07,32553.6,95000.0,0.0,0.0,0.1,0.1,1664113.0,21471.6,0.9555555555555555,894.65,13.870542635658916
8.7,9.0,381.0,18.0,5.34,19.0,1.15,2.35,3.0,10,0.0,4.0,3,872.0,194.23,34960.95,0.0,180.0,948.0,4.0,12560.4,95000.0,0.7,1.4,20.0,0.1,677318.6,8737.5,0.9666666666666666,873.75,5.873159911272434
9.0,10.0,381.0,19.0,8.03,20.0,1.15,2.35,4.0,9,0.0,4.49,3,900.0,222.63,38070.0,0.0,171.0,1210.0,4.69,10437.6,95000.0,0.0,0.0,0.1,0.1,628952.9,8115.75,0.9,901.75,4.50875
8.0,9.0,381.0,16.0,4.65,17.0,1.15,2.35,4.0,20,0.0,3.87,3,700.0,179.78,57528.0,0.0,320.0,1010.0,4.1,17688.0,95000.0,0.7,1.5,20.0,0.1,1086577.0,14026.0,0.8888888888888888,701.3,11.459150326797385
8.0,9.0,381.0,17.0,11.0,17.0,1.15,2.35,5.0,23,0.0,3.83,3,750.0,169.2,66157.2,0.0,391.0,1210.0,3.83,22110.0,95000.0,0.7,1.5,20.0,0.1,1332930.27,17284.5,0.8888888888888888,751.5,14.121323529411764
8.0,9.0,381.0,16.0,4.65,16.0,1.15,2.35,2.0,7,0.0,3.9,3,692.86,169.2,18950.4,0.0,112.0,1180.0,3.9,12031.2,95000.0,0.7,1.5,20.0,0.1,374934.4,4860.5,0.8888888888888888,694.3571428571429,4.219184027777778
8.0,9.0,381.0,17.16,6.5,19.0,1.15,2.35,9.0,19,0.0,0.0,3,793.16,187.37,61081.2,0.0,326.0,705.0,4.05,5796.0,95000.0,0.7,2.0,0.1,0.1,1164533.56,15100.4,0.8888888888888888,794.7578947368421,11.038304093567252
8.0,9.0,381.0,18.8,6.5,19.0,1.15,2.35,5.0,36,0.0,3.93,3,816.6,171.0,115732.8,0.0,676.8,1150.0,3.93,13608.0,338400.0,80.0,10.0,20.0,0.1,2272098.0,29458.8,0.8888888888888888,818.3,21.53421052631579
8.35,9.0,381.0,18.2,5.94,19.0,1.15,2.35,7.0,21,40.0,3.93,3,816.03,184.37,70464.4,0.0,382.2,946.0,4.1,22476.0,191100.0,80.0,10.0,10.0,0.1,1325051.0,17175.9,0.9277777777777777,817.9000000000001,12.029204748397943
8.96,10.31,381.0,19.0,6.55,20.0,1.15,2.35,6.0,21,40.0,3.8,3,845.22,228.51,91176.69,0.0,399.0,801.0,5.13,22022.4,199500.0,80.0,10.0,10.0,0.1,1371623.0,17786.37,0.8690591658583899,846.9699999999999,9.626992907371482
8.75,8.2,381.0,19.0,6.54,19.0,1.15,2.35,7.0,21,0.0,3.78,3,845.2,168.61,67276.39,0.0,399.0,801.0,3.78,8440.0,199500.0,0.0,0.0,0.1,0.1,1372608.0,17789.94,1.0670731707317074,847.14,13.049653401797174
9.0,9.0,381.0,19.1,6.1,19.0,1.15,2.35,2.0,7,0.0,3.94,3,915.7,189.35,25316.55,0.0,133.7,801.0,3.94,2872.8,95000.0,0.0,0.0,0.1,0.1,495653.3,6424.39,1.0,917.7700000000001,4.174392462638077
8.0,9.0,381.0,19.0,6.55,19.0,1.15,2.35,6.0,18,0.0,3.8,3,844.0,169.2,57866.4,0.0,342.0,801.0,3.8,6216.0,171000.0,0.0,0.0,0.1,0.1,1174520.0,15225.3,0.8888888888888888,845.8499999999999,11.129605263157893
8.0,9.0,381.0,15.0,6.03,15.0,1.15,2.35,4.0,8,0.0,3.9,3,650.0,169.2,20304.0,0.0,120.0,801.0,3.9,4188.0,60000.0,0.0,0.0,0.1,0.1,402147.9,5212.0,0.8888888888888888,651.5,4.825925925925926
8.5,9.0,381.0,16.0,6.0,16.0,1.15,2.35,4.0,12,0.0,3.79,3,757.5,179.78,34516.8,0.0,192.0,801.0,3.79,3024.0,96000.0,0.0,0.0,0.1,0.1,702788.1,9110.04,0.9444444444444444,759.1700000000001,7.442843137254902
8.0,9.0,381.0,16.0,6.0,16.0,1.15,2.35,5.0,15,0.0,3.86,3,700.0,169.2,40608.0,0.0,240.0,801.0,3.86,4788.0,120000.0,0.0,0.0,0.1,0.1,810906.5,10518.9,0.8888888888888888,701.26,9.130989583333333
7.5,8.5,381.0,19.0,6.0,19.0,1.15,2.35,6.0,23,0.0,4.02,3,706.08,149.81,65468.06,0.0,437.0,801.0,4.02,6148.8,218500.0,0.0,0.0,0.1,0.1,1254185.08,16269.05,0.8823529411764706,707.35,13.431620227038183
8.0,9.0,381.0,17.2,7.36,17.2,1.15,2.35,5.0,14,0.0,3.8,3,763.5,169.2,40743.36,0.0,240.8,801.0,3.8,5241.6,120400.0,0.0,0.0,0.1,0.1,826315.9,10712.1,0.8888888888888888,765.15,8.649951550387598
8.5,9.0,381.0,19.0,6.79,19.0,1.15,2.35,5.0,44,0.0,4.19,3,812.7,179.78,150291.9,0.0,836.0,801.0,4.19,15246.0,418000.0,0.0,0.0,0.1,0.1,2762986.93,35829.64,0.9444444444444444,814.31,24.650595115239078
8.0,9.0,381.0,19.0,6.0,19.0,1.15,2.35,2.0,8,0.0,3.77,3,850.0,169.2,25718.4,0.0,152.0,801.0,3.77,3049.2,76000.0,0.0,0.0,0.1,0.1,525546.09,6814.08,0.8888888888888888,851.76,4.981052631578947
8.5,9.0,381.0,18.5,6.09,18.5,1.15,2.35,4.0,14,0.0,3.95,3,839.2,179.78,46561.73,0.0,259.0,801.0,3.95,3880.8,129500.0,0.0,0.0,0.1,0.1,907967.9,11772.88,0.9444444444444444,840.92,8.318586822116233
9.0,10.0,321.0,19.0,6.0,19.0,1.15,2.35,7.0,28,0.0,4.47,3,896.7,211.5,112518.0,0.0,532.0,801.0,4.47,8870.4,239400.0,0.0,0.0,0.1,0.1,1937482.01,25145.4,0.9,898.0500000000001,14.704912280701755
8.5,9.0,381.0,19.0,6.37,19.0,1.15,2.35,6.0,24,0.0,3.93,3,867.45,179.78,81977.4,0.0,456.0,801.0,3.93,8618.4,228000.0,0.0,0.0,0.1,0.1,1608823.06,20861.04,0.9444444444444444,869.21,14.352280701754387
8.0,10.0,381.0,19.0,6.0,19.0,1.15,2.35,5.0,22,0.0,4.01,3,890.0,188.0,78584.0,0.0,418.0,801.0,4.01,6552.0,209000.0,0.0,0.0,0.1,0.1,1512230.92,19615.64,0.8,891.62,12.905026315789474
8.5,9.0,381.0,19.0,6.27,19.0,1.15,2.35,6.0,26,0.0,3.88,3,880.0,179.78,88808.85,0.0,494.0,801.0,3.88,8870.4,247000.0,0.0,0.0,0.1,0.1,1766324.65,22917.96,0.9444444444444444,881.4599999999999,15.767430340557276
8.5,9.0,381.0,19.0,6.35,19.0,1.15,2.35,6.0,19,0.0,3.92,3,870.0,179.78,64898.78,0.0,361.0,801.0,3.92,5922.0,180500.0,0.0,0.0,0.1,0.1,1278335.58,16568.0,0.9444444444444444,872.0,11.398692810457517
8.5,9.0,381.0,19.0,6.42,19.0,1.15,2.35,5.0,25,0.0,3.96,3,861.2,179.78,85393.13,0.0,475.0,801.0,3.96,8820.0,237500.0,0.0,0.0,0.1,0.1,1663533.55,21572.5,0.9444444444444444,862.9,14.841761265909872
8.5,9.0,381.0,19.0,6.65,19.0,1.15,2.35,7.0,27,0.0,4.1,3,831.09,179.78,92224.58,0.0,513.0,801.0,4.1,8618.4,256500.0,0.0,0.0,0.1,0.1,1733286.0,22481.28,0.9444444444444444,832.64,15.466996904024766
8.0,10.0,381.0,19.0,6.0,19.0,1.15,2.35,5.0,22,0.0,4.01,3,889.58,188.0,78584.0,0.0,418.0,801.0,4.01,6552.0,209000.0,0.0,0.0,0.1,0.1,1511520.83,19606.4,0.8,891.2,12.898947368421053
8.5,9.0,381.0,19.0,6.87,19.0,1.15,2.35,6.0,24,0.0,4.25,3,802.5,179.78,81977.4,0.0,456.0,801.0,4.25,7610.4,228000.0,0.0,0.0,0.1,0.1,1487361.0,19294.32,0.9444444444444444,803.93,13.27438596491228
8.0,9.0,381.0,19.0,6.0,19.0,1.15,2.35,6.0,24,0.0,4.01,3,800.0,169.2,77155.2,0.0,456.0,801.0,4.01,8895.6,228000.0,0.0,0.0,0.1,0.1,1483963.0,19240.08,0.8888888888888888,801.6700000000001,14.064385964912281
8.25,9.0,381.0,19.0,6.74,19.0,1.15,2.35,4.0,28,0.0,4.04,3,818.92,174.49,92827.35,0.0,532.0,801.0,4.04,10357.2,266000.0,0.0,0.0,0.1,0.1,1771826.0,22975.68,0.9166666666666666,820.5600000000001,16.286145667198298
8.5,9.0,381.0,17.5,5.33,17.5,1.15,2.35,5.0,15,0.0,3.89,3,806.6,179.78,47190.94,0.0,262.5,801.0,3.89,5115.6,131250.0,0.0,0.0,0.1,0.1,934863.9,12123.0,0.9444444444444444,808.2,9.05546218487395
8.5,9.0,381.0,18.0,5.89,18.0,1.15,2.35,4.0,13,0.0,4.04,3,800.0,179.78,42067.35,0.0,234.0,801.0,4.04,4082.4,117000.0,0.0,0.0,0.1,0.1,803649.1,10420.93,0.9444444444444444,801.61,7.567850399419027
8.9,9.0,381.0,19.0,5.81,19.0,1.15,2.35,6.0,24,0.0,3.79,3,940.8,188.24,85835.16,0.0,456.0,801.0,3.79,22971.6,228000.0,0.0,0.0,0.1,0.1,1743655.0,22619.28,0.9888888888888889,942.4699999999999,14.862527104277547
8.5,8.5,381.0,19.0,6.5,19.0,1.15,2.35,6.0,12,0.0,3.79,3,850.0,169.79,38711.55,0.0,228.0,801.0,3.79,12330.0,114000.0,0.0,0.0,0.1,0.1,787813.6,10218.72,1.0,851.56,7.443977417592423
8.5,9.0,381.0,19.0,6.0,19.0,1.15,2.35,2.0,9,0.0,3.79,3,900.0,179.78,30741.53,0.0,171.0,801.0,3.79,8925.0,85500.0,0.0,0.0,0.1,0.1,625878.8,8116.11,0.9444444444444444,901.79,5.583839009287925
9.0,9.0,381.0,19.5,6.44,19.5,1.15,2.35,7.0,34,0.0,4.01,3,923.23,190.35,126202.05,0.0,663.0,801.0,4.01,11264.4,331500.0,0.0,0.0,0.1,0.1,2425200.0,31451.02,1.0,925.03,19.91201012978791
8.5,8.5,381.0,18.0,6.0,18.0,1.15,2.35,3.0,30,0.0,3.81,3,800.0,169.79,91685.25,0.0,540.0,801.0,3.81,29322.0,270000.0,0.0,0.0,0.1,0.1,1854827.67,24049.5,1.0,801.65,18.492502883506344
8.0,9.0,381.0,19.0,7.65,19.0,1.15,2.35,2.0,14,0.0,4.58,3,700.0,169.2,45007.2,0.0,266.0,801.0,4.58,12944.4,133000.0,0.0,0.0,0.1,0.1,757258.9,9819.6,0.8888888888888888,701.4,7.178070175438597
8.5,9.0,381.0,19.0,6.37,19.0,1.15,2.35,5.0,47,0.0,3.93,3,868.08,179.78,160539.08,0.0,893.0,801.0,3.93,16934.4,446500.0,0.0,0.0,0.1,0.1,3152590.0,40881.07,0.9444444444444444,869.81,28.12595115239078
9.0,9.0,381.0,17.2,4.88,17.0,1.15,2.35,3.0,24,0.0,3.91,3,826.75,188.14,77662.8,0.0,412.8,801.0,3.91,21751.2,206400.0,0.0,0.0,0.1,0.1,1533301.0,19882.08,1.0,828.4200000000001,14.438692810457518
8.3,10.0,381.0,18.6,5.89,18.6,1.15,2.35,2.0,14,0.0,4.12,3,877.85,195.05,50791.02,0.0,260.4,801.0,4.12,17076.96,95000.0,0.0,0.0,0.1,0.1,949581.0,12314.12,0.8300000000000001,879.58,7.97649954657339
8.5,9.0,381.0,19.0,6.0,19.0,1.15,2.35,4.0,33,0.0,3.83,3,890.9,179.78,112718.93,0.0,627.0,801.0,3.83,44115.48,95000.0,0.0,0.0,0.1,0.1,2271533.0,29457.45,0.9444444444444444,892.65,20.26656346749226
8.5,9.5,381.0,19.0,6.0,19.0,1.15,2.35,4.0,23,0.0,4.0,3,900.5,189.76,82926.21,0.0,437.0,801.0,4.0,29884.68,95000.0,0.0,0.0,0.1,0.1,1599770.23,20749.91,0.8947368421052632,902.17,13.52446472217696
8.5,9.0,381.0,18.0,6.0,18.0,1.15,2.35,4.0,24,0.0,3.69,3,875.0,179.78,77662.8,0.0,432.0,801.0,3.69,24192.36,95000.0,0.0,0.0,0.1,0.1,1621939.0,21038.4,0.9444444444444444,876.6,15.27843137254902
8.5,9.0,381.0,19.5,6.0,19.5,1.15,2.35,5.0,25,0.0,3.8,3,921.2,179.77,87640.31,0.0,487.5,801.0,3.8,27750.06,95000.0,0.0,0.0,0.1,0.1,1779283.0,23074.75,0.9444444444444444,922.99,15.468241997653763
8.6,9.0,381.0,19.0,6.01,19.0,1.15,2.35,3.0,22,0.0,3.77,3,914.5,181.89,76030.02,0.0,418.0,801.0,3.77,31307.76,95000.0,0.0,0.0,0.1,0.1,1554348.0,20157.94,0.9555555555555555,916.27,13.707289541683666
8.0,8.75,381.0,16.0,6.01,16.0,1.15,2.35,5.0,75,0.0,4.03,3,652.0,164.5,197400.0,0.0,1200.0,2070.0,4.03,19882.8,95000.0,90.0,5.0,0.1,0.1,3781664.0,49012.5,0.9142857142857143,653.5,43.761160714285715
8.5,10.5,381.0,20.0,6.3,19.5,1.15,2.35,7.0,52,40.0,4.8,3,850.0,204.49,106336.91,12.45,520.0,801.0,4.8,7418.4,0.0,0.0,0.0,10.0,0.1,1707749.03,22145.5,0.8095238095238095,425.875,12.72455648926237
7.78,11.87,381.0,19.5,5.84,20.0,1.15,2.35,4.0,33,40.0,0.0,3,850.0,222.58,143232.69,0.0,643.5,1030.0,5.1,8299.2,0.0,80.0,10.0,0.1,0.1,2167528.0,28107.75,0.6554338668913228,851.75,15.218287012472308
8.17,9.74,381.0,19.5,5.84,19.5,1.15,2.35,7.0,40,40.0,4.12,3,884.05,187.0,145862.43,0.0,780.0,1010.0,4.12,12843.6,390000.0,80.0,10.0,30.0,0.1,2731962.0,35432.0,0.8388090349075975,885.8,22.83389725300457
7.27,10.06,381.0,19.5,6.0,19.5,1.15,2.35,3.0,10,40.0,3.76,3,890.07,171.87,33514.67,0.0,195.0,1020.0,3.76,2293.8,97500.0,80.0,10.0,20.0,0.1,687616.4,8918.2,0.7226640159045725,891.82,6.25331354026583
8.22,9.75,381.0,19.0,6.38,19.0,1.15,2.35,4.0,22,250.0,4.1,3,870.13,188.34,78726.43,0.0,418.0,1070.0,4.1,6810.6,209000.0,80.0,10.0,0.1,0.1,1479047.77,19181.36,0.8430769230769232,871.88,12.596484661025574
5.92,10.44,381.0,19.5,6.82,19.5,1.15,2.35,3.0,21,250.0,3.46,3,816.82,145.24,59476.31,17.5,409.5,387.0,3.46,7418.4,204750.0,80.0,10.0,50.0,0.1,1325795.0,17189.97,0.5670498084291188,818.57,14.263243681347133
6.42,10.13,381.0,19.0,6.13,19.0,1.15,2.35,2.0,8,100.0,3.22,3,900.27,152.83,23230.36,0.0,152.0,795.0,3.22,1411.2,76000.0,80.0,10.0,0.1,0.1,556363.3,7216.16,0.6337611056268508,902.02,5.839935891615265
6.25,9.7,381.0,19.0,6.74,19.0,1.15,2.35,6.0,26,40.0,3.29,3,820.33,142.47,70379.56,0.0,494.0,795.0,3.29,12147.6,247000.0,80.0,10.0,0.1,0.1,1648473.0,21374.08,0.6443298969072165,822.08,18.555902333152474
6.67,9.52,381.0,19.0,6.13,19.0,1.15,2.35,5.0,21,40.0,3.14,3,900.27,149.22,59539.27,0.0,399.0,2930.0,3.14,9892.8,199500.0,80.0,10.0,0.1,0.1,1460453.44,18942.42,0.7006302521008404,902.0199999999999,15.700702280438728
8.0,9.0,381.0,14.5,10.44,14.5,1.15,2.35,5.0,22,0.0,4.61,3,531.0,169.2,53974.8,0.0,319.0,801.0,4.61,3216.6,159500.0,0.0,0.0,0.1,0.1,902859.7,11706.2,0.8888888888888888,532.1,11.212835249042147
7.0,8.0,381.0,7.0,5.81,7.0,1.15,2.35,5.0,20,0.0,4.42,3,156.0,131.6,18424.0,0.0,140.0,801.0,5.89,4869.6,70000.0,0.0,0.0,0.1,0.1,241330.88,3127.4,0.875,156.37,7.978061224489796
4.0,4.5,159.0,7.0,4.15,7.0,1.15,2.35,4.0,12,0.0,4.55,3,65.0,42.3,3553.2,0.0,84.0,801.0,4.55,3016.2,42000.0,0.0,0.0,0.1,0.1,60195.79,781.2,0.8888888888888888,65.10000000000001,6.2
8.5,9.0,381.0,19.0,19.0,19.0,1.15,2.35,7.0,13,0.0,0.0,3,820.0,179.78,44404.43,0.0,247.0,801.0,4.16,4775.4,95000.0,0.0,0.0,0.1,0.1,823328.87,10679.5,0.9444444444444444,821.5,7.347437220502236
5.2,5.5,270.0,6.0,4.78,6.0,1.15,2.35,2.0,8,0.0,5.03,3,80.0,67.21,3226.08,0.0,48.0,801.0,5.03,2071.8,24000.0,0.0,0.0,0.1,0.1,49352.53,640.8,0.9454545454545454,80.1,3.7342657342657337
4.5,4.5,159.0,5.8,3.39,5.8,1.15,2.35,4.0,18,0.0,5.01,3,55.0,47.59,4968.14,0.0,104.4,801.0,5.01,4291.2,52200.0,0.0,0.0,0.1,0.1,76460.69,991.8,1.0,55.099999999999994,8.444444444444445
8.0,8.0,381.0,12.0,8.57,12.0,1.15,2.35,6.0,23,0.0,4.01,3,450.0,150.4,41510.4,0.0,276.0,801.0,4.01,5560.2,138000.0,0.0,0.0,0.1,0.1,795882.0,10352.3,1.0,450.09999999999997,13.479557291666666
6.5,6.8,381.0,8.0,8.0,8.0,1.15,2.35,6.0,24,0.0,4.17,3,198.8,103.87,19943.04,0.0,192.0,801.0,4.17,5562.0,96000.0,0.0,0.0,0.1,0.1,368436.3,4779.6,0.9558823529411765,199.15,13.516968325791858
8.5,9.0,381.0,19.0,12.68,19.0,1.15,2.35,3.0,14,0.0,4.11,3,828.57,179.78,47820.15,0.0,266.0,801.0,4.11,3453.0,133000.0,0.0,0.0,0.1,0.1,895882.3,11620.98,0.9444444444444444,830.0699999999999,7.9951702786377705
8.5,9.0,381.0,19.0,14.51,19.0,1.15,2.35,5.0,19,0.0,0.0,3,586.8,179.78,64898.78,0.0,361.0,801.0,5.81,9859.2,180500.0,0.0,0.0,0.1,0.1,861218.8,11170.1,0.9444444444444444,587.9,7.684967320261438
7.98,10.57,381.0,19.0,6.5,19.0,1.15,2.35,4.0,11,40.0,4.42,3,850.0,198.22,41427.82,0.0,209.0,776.0,4.42,3327.0,104500.0,80.0,10.0,10.0,0.1,722602.7,9369.25,0.7549668874172185,851.75,5.846195681405875
8.0,9.0,381.0,19.0,6.45,19.0,1.15,2.35,4.0,16,0.0,3.89,3,823.7,169.2,51436.8,0.0,304.0,801.0,3.89,3160.8,0.0,0.0,0.0,0.1,0.1,1018653.0,13206.88,0.8888888888888888,825.43,9.654152046783626
4.0,5.0,159.0,6.9,4.27,7.0,1.15,2.35,10.0,12,0.0,5.4,3,60.0,47.0,3891.6,0.0,82.8,801.0,5.4,3016.2,41400.0,0.0,0.0,0.1,0.1,55584.79,721.2,0.8,60.1,5.151428571428572
9.0,9.5,159.0,18.8,12.8,18.8,1.15,2.35,4.0,35,0.0,4.17,3,904.7,200.93,132208.65,0.0,658.0,801.0,4.17,14271.6,329000.0,0.0,0.0,0.1,0.1,2458570.0,31725.75,0.9473684210526315,906.45,19.7373086972751
2.5,2.8,159.0,5.0,3.25,5.0,1.15,2.35,4.0,16,0.0,2.05,3,40.0,16.45,1316.0,0.0,80.0,801.0,2.05,2320.8,40000.0,0.0,0.0,0.1,0.1,49521.06,641.6,0.8928571428571429,40.1,18.33142857142857
4.5,5.0,259.0,9.5,7.53,9.5,1.15,2.35,8.0,41,0.0,4.2,5,119.5,52.87,20594.81,0.0,389.5,801.0,4.2,1748.8,95000.0,0.0,0.0,0.1,0.1,211440.3,4907.7,0.9,119.69999999999999,22.96
4.0,4.5,160.0,7.0,4.19,7.0,1.15,2.35,9.0,45,0.0,4.55,5,65.0,42.3,13324.5,0.0,315.0,801.0,4.55,2325.24,157500.0,0.0,0.0,0.1,0.1,126178.9,2929.5,0.8888888888888888,65.1,23.25
4.0,4.0,159.0,6.0,4.07,6.0,1.15,2.35,34.0,274,0.0,5.12,5,44.0,37.6,61814.4,0.0,1644.0,801.0,5.12,13056.2,822000.0,0.0,0.0,0.1,0.1,521212.4,12083.4,1.0,44.1,125.86874999999999
3.9,4.0,159.0,5.7,3.6,5.7,1.15,2.35,38.0,346,0.0,4.34,3,48.0,36.66,72300.85,0.0,1972.2,801.0,4.34,38345.16,986100.0,0.0,0.0,0.1,0.1,962736.4,16642.6,0.975,48.099999999999994,187.16374269005846
9.0,9.5,381.0,19.0,5.97,19.0,1.15,2.35,3.0,12,0.0,4.14,3,920.0,200.93,45810.9,0.0,228.0,801.0,4.14,2449.1,114000.0,0.0,0.0,0.1,0.1,639789.0,11061.6,0.9473684210526315,921.8000000000001,6.809233610341644
4.0,5.0,159.0,5.8,3.61,5.8,1.15,2.35,20.0,183,0.0,5.44,2,50.0,47.0,49885.8,0.0,1061.4,801.0,5.44,9065.02,530700.0,0.0,0.0,0.1,0.1,395257.1,9168.3,0.8,50.099999999999994,79.03706896551724
4.0,5.0,159.0,7.0,4.59,7.0,1.15,2.35,11.0,55,0.0,5.97,4,55.0,47.0,18095.0,0.0,385.0,801.0,5.97,2923.2,192500.0,0.0,0.0,0.1,0.1,130601.6,3030.5,0.8,55.1,21.646428571428572
4.0,4.5,159.0,6.0,3.84,6.0,1.15,2.35,43.0,430,0.0,5.14,4,49.25,42.3,109134.0,0.0,2580.0,801.0,5.14,20825.68,1290000.0,0.0,0.0,0.1,0.1,914898.1,21220.5,0.8888888888888888,49.35,196.48611111111111
4.0,4.5,165.0,6.0,3.97,6.0,1.15,2.35,32.0,325,0.0,5.07,4,50.0,42.3,82485.0,0.0,1950.0,801.0,5.07,16430.4,975000.0,0.0,0.0,0.1,0.1,699170.6,16282.5,0.8888888888888888,50.1,150.76388888888889
4.0,4.5,165.0,3.5,2.69,3.5,1.15,2.35,10.0,104,0.0,7.37,4,20.0,42.3,15397.2,0.0,364.0,801.0,7.37,5423.04,182000.0,0.0,0.0,0.1,0.1,90654.2,2090.4,0.8888888888888888,20.1,33.180952380952384
4.0,5.0,159.0,6.0,3.99,6.0,1.15,2.35,9.0,216,0.0,6.14,2,45.8,47.0,60912.0,0.0,1296.0,801.0,6.14,9878.4,648000.0,0.0,0.0,0.1,0.1,427577.8,9914.4,0.8,45.9,82.61999999999999
4.0,4.0,159.0,6.0,3.96,6.0,1.15,2.35,20.0,260,0.0,4.84,2,46.53,37.6,58656.0,0.0,1560.0,801.0,4.84,11491.2,95000.0,0.0,0.0,0.1,0.1,522827.0,12123.8,1.0,46.629999999999995,126.28958333333333
3.0,4.0,159.0,7.0,5.25,7.0,1.15,2.35,2.0,5,0.0,4.92,2,40.0,28.2,987.0,0.0,35.0,801.0,4.92,403.2,17500.0,0.0,0.0,0.1,0.1,8652.38,200.5,0.75,40.1,2.386904761904762
8.25,9.0,381.0,19.0,19.0,19.0,1.15,2.35,3.0,27,0.0,3.28,3,760.0,174.49,89512.09,0.0,513.0,801.0,3.28,7338.24,95000.0,0.0,0.0,0.1,0.1,2053066.5,27270.0,0.9166666666666666,1010.0,19.330143540669855
7.58,8.52,381.0,19.0,6.51,20.0,1.15,2.35,4.0,18,40.0,3.56,3,850.46,159.75,54636.04,0.0,342.0,801.0,3.56,2970.72,171000.0,0.0,0.0,15.0,0.1,887343.4,15339.78,0.8896713615023475,852.21,11.876277453640048
6.14,10.03,381.0,19.0,6.09,19.0,1.15,2.35,4.0,19,40.0,3.23,3,850.46,144.72,52244.97,0.0,361.0,330.0,3.23,3300.8,180500.0,80.0,10.0,100.0,0.1,936640.3,16191.99,0.6121635094715853,852.21,13.838127311875448
6.69,9.61,381.0,19.0,6.51,19.0,1.15,2.35,5.0,29,40.0,3.37,3,850.46,151.08,83247.08,0.0,551.0,2960.0,3.37,4951.2,275500.0,80.0,10.0,60.0,0.1,1429609.0,24714.09,0.6961498439125912,852.21,20.23212583658603
5.28,10.45,381.0,19.0,6.09,19.0,1.15,2.35,4.0,40,40.0,2.89,3,850.46,129.66,98544.34,0.0,760.0,448.0,2.89,6766.64,380000.0,80.0,10.0,35.0,0.1,1971874.0,34088.4,0.5052631578947369,852.21,32.51642590600032
8.85,7.14,381.0,19.0,6.09,19.0,1.15,2.35,6.0,31,40.0,3.31,3,850.46,148.49,87463.05,0.0,589.0,1060.0,3.31,4587.6,294500.0,80.0,10.0,28.0,0.1,1528203.0,26418.51,1.2394957983193278,852.2099999999999,22.004587740537787
7.19,9.79,381.0,19.0,12.06,19.0,1.15,2.35,6.0,27,40.0,0.0,3,909.45,165.42,84858.78,18.0,513.0,801.0,3.45,5681.6,0.0,80.0,10.0,0.1,2.0,1437669.41,24602.4,0.7344228804902964,911.2,18.395529455061677
4.0,4.2,159.0,6.0,3.81,6.0,1.15,2.35,12.0,120,0.0,4.73,3,50.0,39.48,28425.6,0.0,720.0,801.0,4.73,8474.88,360000.0,0.0,0.0,0.1,0.1,347745.0,6012.0,0.9523809523809523,50.1,59.64285714285714
3.9,4.2,159.0,5.5,3.61,5.5,1.15,2.35,11.0,110,0.0,4.9,3,43.09,38.49,23288.27,0.0,605.0,801.0,4.9,7832.48,302500.0,0.0,0.0,0.1,0.1,274908.5,4750.9,0.9285714285714285,43.19,52.73504273504274
5.5,6.0,381.0,8.0,7.24,8.0,1.15,2.35,4.0,27,0.0,0.0,3,100.0,77.55,16750.8,0.0,216.0,801.0,6.19,3125.52,108000.0,0.0,0.0,0.1,0.1,156485.3,2705.4,0.9166666666666666,100.2,10.247727272727273
5.5,6.0,381.0,9.5,8.58,9.5,1.15,2.35,3.0,25,0.0,6.13,3,120.0,77.55,18418.13,0.0,237.5,801.0,6.13,4248.0,118750.0,0.0,0.0,0.1,0.1,173743.8,3005.0,0.9166666666666666,120.2,9.585326953748007
5.0,5.5,381.0,8.0,7.47,8.0,1.15,2.35,3.0,25,0.0,7.37,3,70.0,58.75,11750.0,0.0,200.0,801.0,6.7,4248.0,100000.0,0.0,0.0,0.1,0.1,101490.0,1754.0,0.9090909090909091,70.16,7.972727272727273
5.0,6.0,381.0,8.0,7.36,8.0,1.15,2.35,3.0,25,0.0,6.73,3,83.6,70.5,14100.0,0.0,200.0,801.0,6.73,4248.0,100000.0,0.0,0.0,0.1,0.1,121236.75,2095.0,0.8333333333333334,83.8,8.729166666666666
3.5,4.0,159.0,5.0,3.25,5.0,1.15,2.35,24.0,240,0.0,0.0,3,40.0,32.9,39480.0,0.0,1200.0,801.0,4.1,16062.72,600000.0,0.0,0.0,0.1,0.1,557010.0,9624.0,0.875,40.1,137.4857142857143
2.0,2.5,159.0,4.5,4.13,4.5,1.15,2.35,11.0,113,0.0,0.0,4,7.6,11.75,5974.88,0.0,508.5,801.0,6.15,6479.6,254250.0,0.0,0.0,0.1,0.1,51425.62,971.8,0.8,8.6,43.19111111111111
6.91,9.87,381.0,19.0,12.51,19.0,1.15,2.35,5.0,22,40.0,3.57,3,850.47,160.27,66994.53,7.14,418.0,948.0,3.57,6747.48,0.0,80.0,10.0,15.0,0.1,1096565.12,18748.84,0.7001013171225938,852.22,14.468569736994517
10.58,9.57,381.0,19.0,12.67,19.0,1.15,2.35,3.0,20,40.0,5.44,3,829.51,237.94,90416.79,0.0,380.0,789.0,5.44,6123.2,190000.0,80.0,10.0,0.1,0.1,961117.04,16620.2,1.1055381400208986,831.01,8.639428985320112
9.5,10.0,381.0,19.0,12.5,19.0,1.15,2.35,3.0,16,0.0,4.98,3,850.0,223.25,67868.0,0.0,304.0,801.0,4.98,3608.32,152000.0,0.0,0.0,0.1,0.1,788510.4,13629.44,0.95,851.84,7.550936288088643
9.5,11.0,381.0,19.0,12.54,19.0,1.15,2.35,3.0,17,0.0,5.51,3,845.0,245.58,79320.73,0.0,323.0,801.0,5.51,3733.04,161500.0,0.0,0.0,0.1,0.1,832800.25,14395.6,0.8636363636363636,846.8000000000001,7.250365147318056
4.0,4.5,159.0,6.5,4.31,6.5,1.15,2.35,4.0,16,0.0,5.49,3,50.0,42.3,4399.2,0.0,104.0,801.0,5.49,1773.76,52000.0,0.0,0.0,0.1,0.1,46366.0,801.6,0.8888888888888888,50.1,6.851282051282052
6.69,9.99,381.0,19.0,12.51,19.0,1.15,2.35,6.0,25,40.0,3.5,3,850.47,157.06,74602.44,20.0,475.0,845.0,3.5,7654.0,237500.0,80.0,10.0,0.1,2.0,1232436.0,21305.5,0.6696696696696697,852.22,16.778244691076097
6.14,8.22,381.0,19.0,12.98,19.0,1.15,2.35,3.0,31,40.0,2.86,3,787.57,118.61,69859.16,0.0,589.0,706.0,2.86,9467.04,294500.0,80.0,10.0,0.1,0.1,1432651.0,24468.92,0.7469586374695862,789.3199999999999,25.516494581755033
5.16,11.54,381.0,17.0,11.26,19.0,1.15,2.35,3.0,27,40.0,3.53,3,752.19,156.4,71786.16,0.0,459.0,443.0,3.53,8218.48,229500.0,80.0,10.0,0.1,0.1,1192674.0,20356.38,0.4471403812824957,753.94,17.992496961237485
7.12,9.73,381.0,19.0,12.51,19.0,1.15,2.35,3.0,14,40.0,3.63,3,850.47,162.8,43305.42,0.0,266.0,833.0,3.63,4250.36,133000.0,80.0,10.0,0.1,0.1,697814.2,11931.08,0.7317574511819116,852.22,9.064280213912841
6.15,8.59,381.0,10.71,7.18,19.0,1.15,2.35,3.0,31,40.0,6.81,3,345.95,220.24,73122.58,0.0,332.01,1150.0,6.81,9108.24,166005.0,80.0,10.0,0.1,0.1,624269.1,10736.85,0.7159487776484285,346.35,10.696827818716272
6.1,8.54,381.0,9.3,6.78,14.0,1.15,2.35,5.0,45,40.0,4.04,3,277.87,184.29,77125.17,20.8,418.5,969.0,6.16,13358.6,209250.0,80.0,10.0,0.1,30.0,9922.5,12526.65,0.7142857142857143,278.37,17.175888092404392
6.92,11.56,381.0,19.0,6.13,19.0,1.15,2.35,3.0,14,40.0,3.96,3,900.27,187.99,50004.99,0.0,266.0,387.0,3.96,4166.64,133000.0,80.0,10.0,0.1,0.1,738042.6,12628.28,0.5986159169550173,902.0200000000001,8.308577462016142
8.05,8.84,381.0,19.0,6.12,19.0,1.15,2.35,1.0,14,40.0,3.73,3,850.47,167.23,44483.36,0.0,266.0,1260.0,3.73,4160.66,133000.0,80.0,10.0,0.1,0.1,697814.2,11931.08,0.910633484162896,852.22,8.824254222019734
6.01,8.7,381.0,19.0,12.36,19.0,1.15,2.35,3.0,21,40.0,0.0,3,870.13,122.87,49026.9,0.0,399.0,800.0,2.68,6166.24,0.0,80.0,10.0,0.1,0.1,1070543.0,18309.48,0.6908045977011494,871.88,18.430142140594473
7.94,9.21,381.0,19.0,12.13,19.0,1.15,2.35,8.0,35,40.0,3.62,3,900.27,171.85,114279.84,0.0,665.0,737.0,3.62,10356.8,332500.0,80.0,10.0,12.0,0.1,1845107.0,31570.7,0.8621064060803474,902.02,22.722205212733996
6.52,8.32,381.0,19.0,6.65,19.0,1.15,2.35,6.0,28,40.0,2.91,3,830.82,127.48,67818.84,0.0,532.0,448.0,2.91,8291.42,266000.0,80.0,10.0,43.0,0.1,1363882.0,23311.96,0.783653846153846,832.5699999999999,22.61800346489158
7.35,10.94,381.0,19.0,11.75,19.0,1.15,2.35,2.0,12,40.0,3.77,3,950.07,188.96,43083.14,0.0,228.0,946.0,3.77,3727.74,114000.0,80.0,10.0,0.1,0.1,667089.5,11421.84,0.6718464351005484,951.82,7.476146621450467
8.06,8.75,381.0,19.0,6.17,19.0,1.15,2.35,6.0,18,40.0,4.23,3,889.2,165.73,56680.94,0.0,342.0,1810.0,3.53,5080.32,171000.0,80.0,10.0,0.1,0.1,937415.8,16037.12,0.9211428571428572,890.9511111111111,11.968223287747906
7.98,10.4,381.0,19.0,6.36,19.0,1.15,2.35,7.0,25,40.0,4.39,3,842.6,195.03,92639.82,0.0,475.0,1830.0,4.39,7414.8,237500.0,80.0,10.0,0.1,0.1,1234744.0,21108.75,0.7673076923076924,844.35,13.386673921646219
6.6,8.91,381.0,19.0,11.56,19.0,1.15,2.35,3.0,10,40.0,2.69,3,975.22,138.19,26256.88,0.0,190.0,1200.0,2.69,3001.8,95000.0,80.0,10.0,20.0,0.1,571520.8,9772.18,0.7407407407407407,977.2180000000001,8.746135822159216
6.35,9.96,381.0,19.0,6.88,19.0,1.15,2.35,5.0,28,40.0,4.0,3,800.67,148.63,79070.14,0.0,532.0,545.0,3.52,8500.72,266000.0,80.0,10.0,30.0,0.1,1315172.0,22467.76,0.6375502008032128,802.42,18.697050947261904
6.19,9.41,381.0,19.0,6.57,19.0,1.15,2.35,8.0,11,70.0,3.96,3,842.6,137.03,28638.86,0.0,209.0,657.0,3.08,3391.68,104500.0,80.0,10.0,0.1,0.1,543287.5,9287.85,0.6578108395324124,844.35,8.392306169429556
8.72,11.07,381.0,19.0,11.22,19.0,1.15,2.35,8.0,25,70.0,4.39,3,1019.52,227.11,107875.62,0.0,475.0,479.0,4.22,0.0,0.0,0.0,0.0,0.1,0.1,1492708.0,25538.0,0.7877145438121048,1021.52,13.92416547696782
8.25,10.34,381.0,19.0,7.0,19.0,1.15,2.51,3.0,15,44.0,4.77,3,851.78,214.12,61022.94,0.0,285.0,0.81,4.77,0.0,142500.0,0.0,0.0,0.1,0.1,748064.2,12801.3,0.7978723404255319,853.42,7.898161087614412
9.26,9.0,381.0,19.0,7.15,19.0,1.15,2.35,4.0,15,40.0,4.65,3,832.13,196.28,55939.33,0.0,285.0,779.0,4.47,0.0,0.0,0.0,0.0,0.1,0.1,731057.1,12506.55,1.028888888888889,833.77,7.898241824864536
7.01,6.11,381.0,19.0,6.13,19.0,1.15,2.35,5.0,12,40.0,0.0,3,900.27,100.65,22948.9,0.0,228.0,470.0,2.12,0.0,114000.0,0.0,0.0,0.1,0.1,632607.9,10824.24,1.1472995090016365,902.02,13.301008895528323
7.41,7.11,381.0,19.0,6.13,19.0,1.15,2.35,6.0,19,48.0,3.12,3,900.27,123.81,44695.4,0.0,361.0,319.0,2.61,0.0,180500.0,0.0,0.0,0.1,0.1,1001629.0,17138.38,1.0421940928270041,902.0200000000001,17.120969685926383
8.6,8.3,381.0,19.0,6.13,19.0,1.15,2.35,7.0,25,40.0,3.63,3,900.27,167.95,79773.92,0.0,475.0,801.0,3.54,0.0,237500.0,0.0,0.0,0.1,0.1,1317933.0,22550.5,1.0361445783132528,902.02,16.62746457064488
6.78,7.75,381.0,19.0,6.13,19.0,1.15,2.35,5.0,19,40.0,2.9,3,900.27,123.66,44642.29,0.0,361.0,801.0,2.6,0.0,180500.0,0.0,0.0,0.1,0.1,1001629.0,17138.38,0.8748387096774194,902.0200000000001,17.16661908840042
8.26,7.48,381.0,19.0,7.0,19.0,1.15,2.35,6.0,13,40.0,0.0,3,851.78,145.19,35863.0,0.0,247.0,844.0,3.23,0.0,123500.0,0.0,0.0,0.1,0.1,648322.3,11094.46,1.1042780748663101,853.42,9.450851137632897
8.31,8.96,381.0,19.0,7.0,19.0,1.15,2.35,5.0,21,40.0,3.9,3,851.78,174.98,69815.16,0.0,399.0,638.0,3.9,0.0,199500.0,0.0,0.0,0.1,0.1,1047290.0,17921.82,0.9274553571428571,853.42,12.668333174995247
10.31,6.75,381.0,19.0,6.13,19.0,1.15,2.35,13.0,24,113.0,3.44,3,900.27,163.7,74647.66,0.0,456.0,801.0,3.45,0.0,228000.0,0.0,0.0,0.1,0.1,1265216.0,21648.48,1.5274074074074075,902.02,16.372363174343878
7.8,11.05,381.0,19.0,7.0,19.0,1.15,2.35,3.0,12,40.0,4.72,3,851.78,202.73,46222.39,0.0,228.0,422.0,4.51,0.0,114000.0,0.0,0.0,0.1,0.1,598451.4,10241.04,0.7058823529411764,853.4200000000001,6.253650136479383
6.12,8.42,356.0,19.0,6.13,19.0,1.15,2.35,3.0,11,40.0,3.28,3,786.0,121.1,25309.15,0.0,209.0,586.0,2.92,0.0,104500.0,0.0,0.0,0.1,0.1,507363.4,8665.25,0.7268408551068883,787.75,8.850422070732698
6.97,9.0,381.0,19.0,12.0,19.0,1.15,2.35,3.0,12,40.0,0.0,3,917.3,147.42,33610.73,0.0,228.0,632.0,3.05,0.0,114000.0,85.0,5.0,0.1,0.1,645722.5,11031.6,0.7744444444444444,919.3000000000001,9.255707417755293
7.9,8.01,381.0,19.0,6.83,19.0,1.15,2.35,3.0,10,40.0,3.27,3,861.48,148.71,28254.07,0.0,190.0,1150.0,3.27,4775.4,95000.0,0.0,0.0,0.1,0.1,504402.2,8631.4,0.986267166042447,863.14,7.179067471456814
8.59,7.79,381.0,19.0,7.1,19.0,1.15,2.35,5.0,10,40.0,3.96,3,838.67,157.25,29878.04,0.0,190.0,817.0,3.56,0.0,95000.0,0.0,0.0,0.1,0.1,491145.0,8403.1,1.1026957637997432,840.3100000000001,6.60929762871165
7.48,8.33,381.0,19.0,6.13,19.0,1.15,2.35,6.0,26,40.0,3.42,3,900.27,146.42,72333.82,0.0,494.0,1410.0,3.08,0.0,0.0,0.0,0.0,0.1,0.1,1370651.0,23452.52,0.8979591836734694,902.02,19.810220739013307
6.75,7.75,381.0,19.0,7.0,19.0,1.15,2.35,5.0,19,40.0,0.0,3,851.78,122.93,44379.3,0.0,361.0,613.0,2.74,4775.4,180500.0,0.0,0.0,0.1,0.1,947547.97,16214.98,0.8709677419354839,853.42,16.313882915173238
8.49,7.55,381.0,19.0,7.0,19.0,1.15,2.35,6.0,10,40.0,0.0,3,851.78,0.0,0.0,0.0,190.0,801.0,0.0,4775.4,95000.0,0.0,0.0,0.1,0.1,498709.46,8534.2,1.1245033112582783,853.4200000000001,7.007362320339964
5.06,7.47,381.0,19.0,7.3,19.0,1.15,2.35,3.0,13,40.0,0.0,3,812.46,0.0,0.0,0.0,266.0,801.0,0.0,4775.4,133000.0,0.0,0.0,0.1,0.1,618828.37,10583.3,0.677376171352075,814.0999999999999,14.736569187783658
6.57,7.48,381.0,19.0,7.69,19.0,1.15,2.35,6.0,23,40.0,3.22,3,760.05,115.82,50612.42,0.0,437.0,801.0,2.89,0.0,218500.0,0.0,0.0,0.1,0.1,1025297.0,17518.87,0.8783422459893048,761.6899999999999,18.76227605372183
7.66,8.26,381.0,19.0,7.0,19.0,1.15,2.35,4.0,19,40.0,0.0,3,851.78,148.69,53676.47,0.0,361.0,801.0,3.31,4775.4,0.0,0.0,0.0,0.1,0.1,947547.97,16214.98,0.927360774818402,853.42,13.48820007712781
9.52,6.64,381.0,19.0,7.3,19.0,1.15,2.35,6.0,12,40.0,0.0,3,812.46,148.55,33869.42,0.0,228.0,666.0,3.47,0.0,114000.0,0.0,0.0,0.1,0.1,571226.2,9769.2,1.4337349397590362,814.1,8.13392890447238
7.12,7.63,381.0,19.0,7.5,19.0,1.15,2.35,1.0,19,40.0,3.11,3,786.26,127.67,46087.12,0.0,361.0,801.0,3.08,0.0,180500.0,0.0,0.0,0.1,0.1,875718.4,14970.1,0.9331585845347313,787.9,14.503291265996141
7.84,8.63,381.0,19.0,12.7,19.0,1.15,2.35,7.0,25,40.0,3.65,3,825.58,159.0,75524.58,0.0,475.0,601.0,3.65,1048.32,237500.0,80.0,10.0,0.1,0.1,1212949.0,20689.5,0.9084588644264193,827.58,16.09420526153988
11.45,7.29,381.0,12.0,9.32,12.0,1.15,2.35,8.0,17,40.0,0.0,3,350.54,196.16,40015.75,0.0,204.0,801.0,6.69,0.0,102000.0,0.0,0.0,0.1,0.1,353515.8,5981.11,1.570644718792867,351.83,5.971281271027888
16.97,16.16,381.0,19.0,11.75,19.0,1.15,2.35,1.0,9,40.0,0.0,3,950.07,0.0,0.0,0.0,171.0,801.0,0.0,4775.4,0.0,0.0,0.0,0.1,0.1,501309.35,8568.63,1.0501237623762376,952.0699999999999,1.6445026981065505
6.73,11.06,381.0,19.0,11.69,19.0,1.15,2.35,2.0,14,40.0,0.0,3,956.61,174.92,46528.57,0.0,266.0,801.0,3.47,4775.4,0.0,0.0,0.0,0.1,0.1,785097.56,13420.54,0.608499095840868,958.61,9.489562678867877
3.58,5.13,159.0,9.0,5.09,9.0,1.15,2.35,5.0,41,40.0,0.0,4,89.17,43.16,15925.55,0.0,369.0,801.0,4.35,4775.4,55350.0,0.0,0.0,0.1,0.1,160562.7,3664.07,0.6978557504873295,89.36756097560976,22.16771150581468
7.19,9.48,381.0,19.0,12.5,19.0,1.15,2.35,3.0,12,40.0,0.0,3,851.78,160.18,36520.76,0.0,228.0,375.0,3.56,1752.0,114000.0,0.0,0.0,0.1,0.1,600356.5,10245.36,0.7584388185654009,853.7800000000001,7.911091261365858
8.29,9.77,381.0,19.0,6.13,19.0,1.15,2.35,3.0,14,40.0,0.0,3,900.27,190.33,50628.92,0.0,266.0,801.0,4.01,4775.4,0.0,0.0,0.0,0.1,0.1,738042.61,12628.28,0.8485158648925281,902.0200000000001,8.206188854997558
7.1,10.64,381.0,19.0,8.22,19.0,1.15,2.35,2.0,12,40.0,0.0,3,888.26,0.0,0.0,0.0,228.0,801.0,0.0,4775.4,0.0,0.0,0.0,0.1,0.1,624536.88,10680.64,0.6672932330827067,890.0533333333333,7.441212371179988
7.51,10.66,381.0,19.0,7.27,19.0,1.15,2.35,6.0,37,40.0,0.0,3,808.87,188.13,132257.51,0.0,703.0,801.0,4.41,4775.4,0.0,0.0,0.0,0.1,0.1,1754650.49,29991.18,0.7045028142589118,810.5724324324325,19.717089632769024
6.97,8.41,381.0,19.0,6.94,19.0,1.15,2.35,2.0,8,40.0,0.0,3,826.69,0.0,0.0,0.0,152.0,801.0,0.0,4775.4,0.0,0.0,0.0,0.1,0.1,387577.76,6627.04,0.8287752675386444,828.38,5.950277457958405
5.08,9.58,381.0,19.0,6.71,19.0,1.15,2.35,3.0,13,40.0,0.0,3,823.48,109.09,26944.63,0.0,247.0,801.0,2.51,4775.4,0.0,0.0,0.0,0.1,0.1,627385.53,10727.22,0.5302713987473904,825.1707692307692,11.601238766701243
5.57,8.87,381.0,18.0,11.62,18.0,1.15,2.35,4.0,18,40.0,0.0,3,836.08,0.0,0.0,0.0,324.0,801.0,0.0,4775.4,0.0,0.0,0.0,0.1,0.1,881627.37,15079.55,0.6279594137542278,837.7527777777777,16.956533081631502
8.18,9.98,381.0,19.0,7.0,19.0,1.15,2.35,7.0,18,40.0,0.0,3,851.78,196.61,67242.1,0.0,342.0,801.0,4.38,4775.4,0.0,0.0,0.0,0.1,0.1,897677.03,15361.56,0.8196392785571142,853.42,9.903709103962655
6.8,10.71,381.0,19.0,7.0,19.0,1.15,2.35,4.0,11,40.0,0.0,3,851.78,166.48,34793.94,0.0,209.0,801.0,3.71,4775.4,0.0,0.0,0.0,0.1,0.1,548580.41,9387.62,0.6349206349206349,853.4200000000001,6.7842761459589
9.59,8.39,381.0,19.0,7.0,19.0,1.15,2.35,5.0,16,40.0,0.0,3,851.78,0.0,0.0,0.0,304.0,801.0,0.0,4775.4,0.0,0.0,0.0,0.1,0.1,797935.14,13654.72,1.1430274135876042,853.42,8.931998266025152
3.34,3.55,150.0,10.0,5.8,10.0,1.15,2.35,7.0,51,40.0,0.0,5,85.3,31.6,16117.71,0.0,510.0,801.0,3.7,4775.4,0.0,0.0,0.0,0.1,0.1,191256.58,4360.5,0.9408450704225352,85.5,36.775744286075735
5.98,8.0,150.0,10.0,2.0,10.0,1.15,2.35,4.0,32,40.0,0.0,3,121.87,0.0,0.0,0.0,320.0,801.0,0.0,4775.4,0.0,0.0,0.0,0.1,0.1,249716.77,3955.84,0.7475,123.62,8.268896321070233
9.49,10.23,381.0,19.0,5.84,19.0,1.15,2.35,6.0,23,40.0,0.0,3,938.28,224.18,97965.18,0.0,437.0,801.0,4.53,4775.4,0.0,0.0,0.0,0.1,0.1,1262941.64,21620.69,0.927663734115347,940.03,11.721254689368743
4.05,8.66,381.0,19.0,13.25,19.0,1.15,2.35,1.0,9,40.0,0.0,3,753.5,0.0,0.0,0.0,171.0,801.0,0.0,0.0,0.0,0.0,0.0,0.1,0.1,399230.6,6799.5,0.46766743648960735,755.5,10.203530380994826
11.0,12.0,150.0,10.0,2.0,10.0,1.15,1.65,8.0,75,40.0,0.0,3,121.87,0.0,0.0,0.0,750.0,801.0,0.0,4775.4,0.0,0.0,0.0,0.1,0.1,585273.68,9271.5,0.9166666666666666,123.62,7.023863636363636
6.58,11.71,381.0,19.0,6.9,19.0,1.15,2.35,4.0,11,40.0,0.0,3,799.36,0.0,0.0,0.0,209.0,801.0,0.0,4775.4,0.0,0.0,0.0,0.1,0.1,515843.04,8812.21,0.5619128949615713,801.1099999999999,6.0193340884416635
7.09,10.31,381.0,19.0,5.75,19.0,1.15,2.35,4.0,15,40.0,0.0,3,826.82,0.0,0.0,0.0,285.0,801.0,0.0,4775.4,0.0,0.0,0.0,0.1,0.1,727222.14,12428.66,0.6876818622696411,828.5773333333333,8.948820691155287
9.15,11.04,381.0,19.0,6.89,19.0,1.15,2.35,3.0,19,40.0,0.0,3,800.54,0.0,0.0,0.0,361.0,801.0,0.0,4775.4,0.0,0.0,0.0,0.1,0.1,891038.4,15240.66,0.828804347826087,802.14,7.94072226181991
7.69,10.54,381.0,19.0,7.09,19.0,1.15,2.35,4.0,26,40.0,0.0,3,764.29,0.0,0.0,0.0,494.0,801.0,0.0,4775.4,0.0,0.0,0.0,0.1,0.1,1165272.08,19913.96,0.7296015180265656,765.9215384615384,12.931147895252426
5.43,10.91,381.0,19.0,11.98,19.0,1.15,2.35,2.0,14,40.0,0.0,3,751.16,0.0,0.0,0.0,266.0,801.0,0.0,4775.4,0.0,0.0,0.0,0.1,0.1,618475.86,10542.78,0.4977085242896425,753.0557142857143,9.366491921931777
5.76,8.93,381.0,19.0,7.01,19.0,1.15,2.35,3.0,20,40.0,0.0,3,862.26,0.0,0.0,0.0,380.0,801.0,0.0,4775.4,0.0,0.0,0.0,0.1,0.1,1010403.29,17280.08,0.64501679731243,864.0040000000001,17.68146336352266
6.15,8.8,381.0,18.0,6.38,18.0,1.15,2.35,3.0,8,40.0,0.0,3,800.67,0.0,0.0,0.0,144.0,801.0,0.0,4775.4,0.0,0.0,0.0,0.1,0.1,375586.87,6418.96,0.6988636363636364,802.37,6.589225589225589
6.73,8.48,389.0,11.03,8.41,15.0,1.15,2.35,6.0,31,40.0,0.0,3,356.89,0.0,0.0,0.0,342.0,801.0,0.0,4775.4,0.0,0.0,0.0,0.1,0.1,646166.02,11081.27,0.7936320754716981,357.4603225806452,12.944562037997514
5.69,9.45,389.0,19.0,6.92,19.0,1.15,2.35,2.0,15,40.0,0.0,3,829.32,0.0,0.0,0.0,285.0,801.0,0.0,4775.4,0.0,0.0,0.0,0.1,0.1,729223.87,12465.81,0.6021164021164022,831.054,12.201769802361792
6.23,8.88,381.0,19.0,6.61,19.0,1.15,2.35,3.0,16,40.0,0.0,3,866.03,0.0,0.0,0.0,304.0,801.0,0.0,4775.4,0.0,0.0,0.0,0.1,0.1,811695.48,13884.1,0.7015765765765766,867.75625,13.208792555333064
5.52,5.9,381.0,5.08,4.38,3.0,1.15,2.35,5.0,24,40.0,0.0,3,91.67,0.0,0.0,0.0,122.0,801.0,0.0,4775.4,0.0,0.0,0.0,0.1,0.1,129056.8,2204.8,0.935593220338983,91.86666666666667,22.56611807090805
6.6,7.68,381.0,19.0,7.01,19.0,1.15,2.35,3.0,15,40.0,0.0,3,850.47,0.0,0.0,0.0,285.0,801.0,0.0,4775.4,0.0,0.0,0.0,0.1,0.1,747327.29,12782.55,0.859375,852.17,13.272683662280702
5.53,7.85,381.0,19.0,8.26,19.0,1.15,2.35,3.0,11,40.0,0.0,3,882.94,0.0,0.0,0.0,209.0,801.0,0.0,4775.4,0.0,0.0,0.0,0.1,0.1,569085.89,9732.04,0.7044585987261147,884.7309090909092,11.79927970373406
5.85,8.29,381.0,19.0,7.32,19.0,1.15,2.35,4.0,18,40.0,0.0,3,875.37,115.64,39548.53,0.0,342.0,801.0,2.5,0.0,0.0,0.0,0.0,0.1,0.1,923005.9,15787.98,0.7056694813027744,877.11,17.13415021268491
6.75,7.75,381.0,17.0,6.95,19.0,1.15,2.35,4.0,16,40.0,3.45,3,700.05,142.28,38699.49,0.0,272.0,1210.0,3.45,537.6,0.0,0.0,0.0,0.1,0.1,656094.0,11223.04,0.8709677419354839,701.44,11.291494686537133
6.06,8.75,381.0,19.0,9.68,19.0,1.15,2.35,3.0,12,40.0,0.0,3,800.0,0.0,0.0,0.0,247.0,801.0,0.0,4775.4,0.0,0.0,0.0,0.1,0.1,562387.2,9619.2,0.6925714285714285,801.6,9.547829970967022
7.41,8.69,381.0,19.0,6.56,19.0,1.15,2.35,5.0,20,40.0,0.0,3,974.28,0.0,0.0,0.0,380.0,801.0,0.0,4775.4,0.0,0.0,0.0,0.1,0.1,1141959.12,19525.6,0.852704257767549,976.28,15.959261935628568
6.48,5.79,381.0,6.0,4.85,6.0,1.15,2.35,9.0,56,40.0,0.0,3,150.0,0.0,0.0,0.0,336.0,801.0,0.0,4775.4,0.0,0.0,0.0,0.1,0.1,492088.8,8416.8,1.1191709844559585,150.29999999999998,37.3888569052645
7.29,8.51,381.0,19.0,7.13,19.0,1.15,2.35,3.0,15,40.0,0.0,3,900.27,0.0,0.0,0.0,285.0,801.0,0.0,4775.4,0.0,0.0,0.0,0.1,0.1,791024.54,13530.9,0.8566392479435958,902.06,11.479315572882824
3.65,4.61,259.0,9.0,6.52,10.0,1.15,2.35,3.0,20,40.0,0.0,3,150.0,0.0,0.0,0.0,180.0,801.0,0.0,4775.4,0.0,0.0,0.0,0.1,0.1,175746.0,3006.0,0.79175704989154,150.3,17.864677740468906
6.45,8.42,381.0,19.0,6.75,18.0,1.15,2.35,3.0,12,40.0,0.0,3,950.0,0.0,0.0,0.0,228.0,801.0,0.0,4775.4,0.0,0.0,0.0,0.1,0.1,667781.88,11422.68,0.7660332541567696,951.89,11.684865000889971
8.01,7.51,381.0,19.0,6.56,18.0,1.15,2.35,3.0,14,40.0,0.0,3,842.83,0.0,0.0,0.0,266.0,801.0,0.0,4775.4,0.0,0.0,0.0,0.1,0.1,691246.83,11823.24,1.066577896138482,844.5171428571429,10.919218265228828
7.33,8.93,381.0,19.0,6.65,19.0,1.15,2.35,4.0,16,40.0,0.0,3,700.39,0.0,0.0,0.0,304.0,801.0,0.0,4775.4,0.0,0.0,0.0,0.1,0.1,656407.89,11228.48,0.8208286674132139,701.78,9.028423765545686
6.24,8.5,381.0,17.0,5.65,19.0,1.15,2.35,3.0,12,40.0,0.0,3,700.39,0.0,0.0,0.0,204.0,801.0,0.0,4775.4,0.0,0.0,0.0,0.1,0.1,492305.92,8421.36,0.7341176470588235,701.7800000000001,8.356513455584663
9.03,8.05,381.0,19.0,6.15,19.0,1.15,2.35,6.0,16,40.0,0.0,3,864.68,0.0,0.0,0.0,304.0,801.0,0.0,4775.4,0.0,0.0,0.0,0.1,0.1,808276.76,13857.6,1.1217391304347823,866.1,10.033461524676925
3.71,5.08,259.0,9.5,4.03,9.0,1.15,2.35,4.0,22,40.0,0.0,3,154.09,44.34,9267.51,0.0,209.0,801.0,2.73,4775.4,0.0,0.0,0.0,0.1,0.1,198690.0,3397.0,0.7303149606299213,154.4090909090909,20.026977759855487
8.11,8.3,381.0,18.0,9.09,19.0,1.15,2.35,8.0,18,40.0,0.0,3,713.33,0.0,0.0,0.0,324.0,801.0,0.0,4775.4,0.0,0.0,0.0,0.1,0.1,752193.46,12865.69,0.9771084337349396,714.7605555555556,10.059595901941206
3.59,4.56,259.0,9.5,4.19,9.0,1.15,2.35,6.0,23,40.0,0.0,3,170.0,0.0,0.0,0.0,218.5,801.0,0.0,4775.4,0.0,0.0,0.0,0.1,0.1,229664.2,3919.2,0.787280701754386,170.4,26.600856831028366
7.88,8.2,381.0,19.0,6.0,19.0,1.15,2.35,3.0,13,40.0,0.0,3,814.62,0.0,0.0,0.0,247.0,801.0,0.0,4775.4,0.0,0.0,0.0,0.1,0.1,620436.3,10611.3,0.9609756097560976,816.2538461538461,8.643207157425568
8.78,7.9,381.0,18.55,6.86,19.0,1.15,2.35,4.0,11,40.0,0.0,3,786.45,0.0,0.0,0.0,204.0,801.0,0.0,4775.4,0.0,0.0,0.0,0.1,0.1,506921.42,8668.55,1.111392405063291,788.05,6.577657415936832
3.86,4.58,259.0,7.91,5.99,9.0,1.15,2.35,5.0,38,40.0,0.0,3,115.79,0.0,0.0,0.0,300.7,801.0,0.0,4775.4,0.0,0.0,0.0,0.1,0.1,258510.5,4410.5,0.8427947598253275,116.0657894736842,27.719955854218362
6.98,7.91,381.0,18.05,12.59,18.0,1.15,2.35,3.0,19,40.0,0.0,3,714.73,0.0,0.0,0.0,343.0,801.0,0.0,4775.4,0.0,0.0,0.0,0.1,0.1,796939.02,13610.22,0.8824273072060683,716.3273684210526,13.694958927862038
14.42,16.36,381.0,18.6,12.79,19.0,1.15,2.35,3.0,10,40.0,0.0,3,760.0,0.0,0.0,0.0,186.0,801.0,0.0,4775.4,0.0,0.0,0.0,0.1,0.1,445223.2,7615.2,0.8814180929095354,761.52,1.698944348551489
7.44,8.17,381.0,18.0,6.12,19.0,1.15,2.35,4.0,9,40.0,0.0,3,770.0,0.0,0.0,0.0,162.0,801.0,0.0,4775.4,0.0,0.0,0.0,0.1,0.1,406211.4,6944.4,0.9106487148102815,771.5999999999999,6.012929825254097
6.68,10.47,381.0,16.56,11.7,18.0,1.15,2.35,3.0,14,40.0,0.0,3,635.71,0.0,0.0,0.0,231.8,801.0,0.0,4775.4,0.0,0.0,0.0,0.1,0.1,521701.73,8918.53,0.6380133715377267,637.0378571428572,7.084311161186065
9.97,10.6,381.0,19.0,7.85,18.0,1.15,2.35,2.0,6,40.0,0.0,3,750.0,0.0,0.0,0.0,114.0,801.0,0.0,4775.4,0.0,0.0,0.0,0.1,0.1,263619.0,4509.0,0.9405660377358491,751.5,2.370318502677845
7.25,6.73,381.0,19.0,6.77,19.0,1.15,2.35,5.0,15,40.0,0.0,3,750.0,0.0,0.0,0.0,285.0,801.0,0.0,4775.4,0.0,0.0,0.0,0.1,0.1,659047.5,11272.5,1.0772659732540861,751.5,12.159439948439012
7.2,9.3,381.0,18.18,12.09,19.0,1.15,2.35,4.0,14,40.0,0.0,3,797.86,0.0,0.0,0.0,254.5,801.0,0.0,4775.4,0.0,0.0,0.0,0.1,0.1,654387.4,11192.4,0.7741935483870968,799.4571428571428,8.797396717600451
2.97,4.81,259.0,5.0,4.17,9.0,1.15,2.35,3.0,23,40.0,0.0,3,50.0,0.0,0.0,0.0,115.0,801.0,0.0,4775.4,0.0,0.0,0.0,0.1,0.1,67369.3,1152.3,0.6174636174636176,50.1,8.962342295675628
5.34,8.9,381.0,18.0,6.43,19.0,1.15,2.35,3.0,8,40.0,0.0,3,791.25,0.0,0.0,0.0,144.0,801.0,0.0,4775.4,0.0,0.0,0.0,0.1,0.1,371150.4,6343.4,0.6,792.925,7.024852878313698
5.63,7.72,381.0,19.0,6.89,19.0,1.15,2.35,1.0,9,40.0,0.0,3,800.0,0.0,0.0,0.0,171.0,801.0,0.0,4775.4,0.0,0.0,0.0,0.1,0.1,421790.4,7214.4,0.7292746113989638,801.5999999999999,8.736166888106247
7.52,8.67,381.0,19.0,6.39,19.0,1.15,2.35,5.0,9,40.0,0.0,3,800.0,0.0,0.0,0.0,171.0,801.0,0.0,0.0,0.0,0.0,0.0,0.1,0.1,421790.4,7214.4,0.867358708189158,801.5999999999999,5.823843271581738
5.8,9.13,381.0,19.0,8.6,19.0,1.15,2.35,3.0,14,40.0,0.0,3,800.0,124.27,33056.7,0.0,266.0,801.0,2.95,4775.4,0.0,0.0,0.0,0.1,0.1,656118.4,11222.4,0.6352683461117196,801.6,11.154070166162091
5.89,9.13,381.0,19.0,11.39,15.0,1.15,2.35,3.0,28,40.0,0.0,3,800.0,0.0,0.0,0.0,532.0,801.0,0.0,4775.4,0.0,0.0,0.0,0.1,0.1,1312236.8,22444.8,0.6451259583789704,801.6,27.825207296232314
6.08,6.9,381.0,19.0,6.51,19.0,1.15,2.35,2.0,15,40.0,0.0,3,850.0,0.0,0.0,0.0,285.0,801.0,0.0,4775.4,0.0,0.0,0.0,0.1,0.1,746920.5,12775.5,0.881159420289855,851.7,16.0277158858244
8.62,6.82,381.0,19.0,6.01,19.0,1.15,2.35,7.0,21,40.0,0.0,3,850.0,134.66,53730.09,0.0,399.0,801.0,3.0,4775.4,0.0,0.0,0.0,0.1,0.1,1045688.7,17885.7,1.2639296187683282,851.7,16.012557436142973
6.08,12.84,381.0,15.0,8.02,19.0,1.15,2.35,3.0,15,40.0,0.0,3,600.0,0.0,0.0,0.0,225.0,801.0,0.0,4775.4,0.0,0.0,0.0,0.1,0.1,527238.0,9018.0,0.4735202492211838,601.2,6.079782276645869
7.2,7.57,381.0,19.0,6.51,19.0,1.15,2.35,5.0,16,40.0,0.0,3,850.0,0.0,0.0,0.0,304.0,801.0,0.0,4775.4,0.0,0.0,0.0,0.1,0.1,796715.2,13627.2,0.9511228533685601,851.7,13.159053512248256
6.71,8.7,381.0,19.0,6.39,19.0,1.15,2.35,4.0,10,40.0,0.0,3,800.0,0.0,0.0,0.0,190.0,801.0,0.0,4775.4,0.0,0.0,0.0,0.1,0.1,469097.0,8017.0,0.771264367816092,801.7,7.227972804718513
4.61,7.74,381.0,15.0,6.02,19.0,1.15,2.35,2.0,14,40.0,0.0,3,624.29,0.0,0.0,0.0,210.0,801.0,0.0,4775.4,0.0,0.0,0.0,0.1,0.1,511984.63,8757.43,0.5956072351421189,625.5307142857143,12.917580824212408
5.76,8.23,381.0,18.6,6.69,19.0,1.15,2.35,3.0,10,40.0,0.0,3,800.0,0.0,0.0,0.0,186.0,801.0,0.0,4775.4,0.0,0.0,0.0,0.1,0.1,468656.0,8016.0,0.6998784933171324,801.6,8.899831596000938
6.33,7.14,381.0,19.0,6.51,19.0,1.15,2.35,3.0,16,40.0,0.0,3,850.0,0.0,0.0,0.0,304.0,801.0,0.0,4775.4,0.0,0.0,0.0,0.1,0.1,796715.2,13627.2,0.8865546218487396,851.7,15.869056527574863
6.79,8.82,381.0,19.0,6.51,19.0,1.15,2.35,3.0,18,40.0,0.0,3,850.0,0.0,0.0,0.0,342.0,801.0,0.0,4775.4,0.0,0.0,0.0,0.1,0.1,896304.6,15330.6,0.7698412698412698,851.7,13.47308941404637
5.36,8.34,381.0,19.0,6.51,19.0,1.15,2.35,3.0,21,40.0,0.0,3,850.0,0.0,0.0,0.0,399.0,801.0,0.0,4775.4,0.0,0.0,0.0,0.1,0.1,1045688.7,17885.7,0.6426858513189448,851.7,21.058212346069727
5.87,9.04,381.0,15.59,6.11,19.0,1.15,2.35,2.0,11,40.0,0.0,3,622.73,0.0,0.0,0.0,171.5,801.0,0.0,4775.4,0.0,0.0,0.0,0.1,0.1,401286.7,6863.7,0.6493362831858408,623.9727272727273,6.807664749910536
16.38,12.23,381.0,19.0,6.69,19.0,1.15,2.35,5.0,24,40.0,0.0,3,800.0,0.0,0.0,0.0,456.0,801.0,0.0,4775.4,0.0,0.0,0.0,0.1,0.1,1124774.4,19238.4,1.339329517579722,801.6,5.054462686687157
3.67,4.43,259.0,8.25,6.51,9.0,1.15,2.35,4.0,30,40.0,0.0,3,105.0,0.0,0.0,0.0,247.5,801.0,0.0,4775.4,0.0,0.0,0.0,0.1,0.1,185062.5,3157.5,0.8284424379232506,105.25,21.57898729453831
6.42,7.89,381.0,18.75,9.64,19.0,1.15,2.35,3.0,14,40.0,0.0,3,800.0,0.0,0.0,0.0,262.43,801.0,0.0,4775.4,0.0,0.0,0.0,0.1,0.1,656118.4,11222.4,0.8136882129277567,801.6,11.66057890185825
6.12,7.89,381.0,15.0,10.42,19.0,1.15,2.35,5.0,14,40.0,0.0,3,600.0,0.0,0.0,0.0,210.0,801.0,0.0,4775.4,0.0,0.0,0.0,0.1,0.1,492088.8,8416.8,0.7756653992395438,601.1999999999999,9.174131930138474
7.19,8.48,381.0,19.0,6.51,19.0,1.15,2.35,3.0,17,40.0,0.0,3,850.0,0.0,0.0,0.0,323.0,801.0,0.0,4775.4,0.0,0.0,0.0,0.1,0.1,846509.9,14478.9,0.847877358490566,851.6999999999999,12.498480732231817
5.98,9.88,381.0,18.5,6.39,19.0,1.15,2.35,2.0,10,40.0,0.0,3,800.0,0.0,0.0,0.0,185.0,801.0,0.0,4775.4,0.0,0.0,0.0,0.1,0.1,468656.0,8016.0,0.6052631578947368,801.6,7.140785358111811
7.08,9.15,381.0,19.0,6.13,19.0,1.15,2.35,4.0,15,40.0,0.0,3,900.0,0.0,0.0,0.0,285.0,801.0,0.0,4775.4,0.0,0.0,0.0,0.1,0.1,791452.35,13528.35,0.7737704918032786,901.89,10.990991649727265
6.5,6.37,381.0,19.0,9.43,19.0,1.15,2.35,3.0,11,40.0,0.0,3,860.0,0.0,0.0,0.0,209.0,801.0,0.0,4775.4,0.0,0.0,0.0,0.1,0.1,554525.29,9479.69,1.0204081632653061,861.7900000000001,12.050019384895036
7.17,9.43,381.0,15.0,5.83,19.0,1.15,2.35,3.0,14,40.0,0.0,3,607.14,0.0,0.0,0.0,210.0,801.0,0.0,4775.4,0.0,0.0,0.0,0.1,0.1,497902.9,8516.9,0.76033934252386,608.35,6.629749186723313
7.47,9.66,381.0,18.21,6.7,19.0,1.15,2.35,3.0,40,40.0,0.0,3,803.75,0.0,0.0,0.0,728.5,801.0,0.0,4775.4,0.0,0.0,0.0,0.1,0.1,1883508.32,32214.52,0.7732919254658385,805.363,23.49634636034239
5.74,8.87,381.0,17.0,7.8,15.0,1.15,2.35,3.0,12,40.0,0.0,3,655.0,0.0,0.0,0.0,204.0,801.0,0.0,4775.4,0.0,0.0,0.0,0.1,0.1,460613.28,7876.08,0.6471251409244646,656.34,10.312960336883126
5.09,8.13,381.0,18.0,6.39,19.0,1.15,2.35,2.0,14,40.0,0.0,3,800.0,0.0,0.0,0.0,252.0,801.0,0.0,4775.4,0.0,0.0,0.0,0.1,0.1,656312.44,11222.84,0.6260762607626076,801.6314285714286,14.273840597986169
6.96,8.24,381.0,15.0,5.44,15.0,1.15,2.35,3.0,14,40.0,0.0,3,671.43,0.0,0.0,0.0,210.0,801.0,0.0,4775.4,0.0,0.0,0.0,0.1,0.1,550794.28,9419.08,0.8446601941747572,672.7914285714286,10.949159320016367
5.59,4.17,159.0,7.0,4.37,6.0,1.15,2.35,3.0,16,40.0,0.0,3,60.0,0.0,0.0,0.0,112.0,801.0,0.0,0.0,0.0,0.0,0.0,0.1,0.1,56097.6,961.6,1.3405275779376498,60.1,6.875358389495918
7.19,7.75,381.0,19.0,6.88,19.0,1.15,2.35,4.0,13,40.0,3.2,3,833.85,140.91,34805.83,0.0,247.0,801.0,3.2,1310.4,123500.0,0.0,0.0,0.1,0.1,634984.8,10861.58,0.9277419354838711,835.5061538461539,10.259089331296297
8.5,11.1,381.0,18.91,6.02,19.0,1.15,2.35,2.0,11,62.92,0.0,3,800.0,208.6,43391.11,0.0,208.01,857.0,4.92,2681.28,0.0,91.13,1.02,0.1,0.1,516006.7,8818.7,0.7657657657657658,801.7,4.919365185619056
5.75,10.17,381.0,19.0,6.51,19.0,1.15,2.35,3.0,19,70.77,0.0,3,850.0,0.0,0.0,0.0,361.0,801.0,0.0,4775.4,0.0,0.0,0.0,0.1,0.1,946099.3,16182.3,0.5653883972468043,851.6999999999999,14.564576119020135
4.7,6.26,381.0,19.0,6.88,19.0,1.15,2.35,2.0,9,32.41,2.23,3,843.33,99.4,16996.68,0.0,171.0,1000.0,2.23,1270.08,85500.0,77.0,13.0,0.1,0.1,444690.3,7605.3,0.7507987220447285,845.0333333333333,13.604749757610668
6.96,8.38,381.0,19.0,6.89,19.0,1.15,2.35,3.0,12,32.07,0.0,3,800.0,0.0,0.0,0.0,228.0,801.0,0.0,4775.4,0.0,0.0,0.0,0.1,0.1,562387.2,9619.2,0.8305489260143197,801.6,8.680247239776671
5.72,7.26,381.0,10.0,3.91,10.0,1.15,2.35,6.0,33,42.76,0.0,3,332.42,0.0,0.0,0.0,330.0,801.0,0.0,4775.4,0.0,0.0,0.0,0.1,0.1,643010.57,10992.77,0.7878787878787878,333.11424242424243,26.471252576624483
6.33,8.69,381.0,19.03,8.43,19.0,1.15,2.35,4.0,15,37.27,0.0,3,860.0,0.0,0.0,0.0,285.5,801.0,0.0,4775.4,0.0,0.0,0.0,0.1,0.1,755575.5,12925.5,0.7284234752589184,861.7,12.367168117994582
6.11,9.18,381.0,19.0,6.71,19.0,1.15,2.35,3.0,12,36.23,0.0,3,850.0,168.49,38414.6,0.0,228.0,801.0,3.76,4775.4,0.0,0.0,0.0,0.1,0.1,597536.4,10220.4,0.6655773420479303,851.6999999999999,9.590260430126051
5.3,7.6,381.0,18.08,6.09,19.0,1.15,2.35,2.0,13,52.2,0.0,3,813.85,0.0,0.0,0.0,235.0,801.0,0.0,4775.4,0.0,0.0,0.0,0.1,0.1,619682.9,10600.9,0.6973684210526316,815.4538461538461,13.851591491140962
4.21,8.57,381.0,17.88,6.5,19.0,1.15,2.35,2.0,12,53.67,0.0,3,794.17,0.0,0.0,0.0,214.5,801.0,0.0,4775.4,0.0,0.0,0.0,0.1,0.1,558304.1,9549.1,0.49124854142357055,795.7583333333333,13.929833411206738
6.39,9.07,381.0,19.0,6.51,19.0,1.15,2.35,2.0,11,51.3,0.0,3,850.0,0.0,0.0,0.0,209.0,801.0,0.0,4775.4,0.0,0.0,0.0,0.1,0.1,547741.7,9368.7,0.7045203969128996,851.7,8.507806155293821
4.38,8.38,381.0,19.0,6.51,19.0,1.15,2.35,2.0,8,41.72,0.0,3,850.0,0.0,0.0,0.0,152.0,801.0,0.0,4775.4,0.0,0.0,0.0,0.1,0.1,398357.6,6813.6,0.522673031026253,851.7,9.77023262376689
6.88,7.52,381.0,10.47,8.05,10.0,1.15,2.35,5.0,19,33.27,0.0,3,316.36,0.0,0.0,0.0,199.0,801.0,0.0,4775.4,0.0,0.0,0.0,0.1,0.1,352132.43,6022.9,0.9148936170212766,316.9947368421052,11.641243505690252
8.5,7.85,381.0,19.0,6.61,19.0,1.15,2.35,2.0,16,65.48,3.53,3,200.0,148.96,45284.92,0.0,304.0,270.0,3.53,2336.0,152000.0,88.17,0.57,0.1,0.1,749849.6,12825.6,1.0828025477707006,801.6,10.116621640275287
4.54,6.92,381.0,7.27,5.88,7.0,1.15,2.35,3.0,11,40.0,4.62,3,182.38,117.05,9363.65,0.0,80.0,1080.0,4.62,443.52,40000.0,60.0,15.0,20.0,0.1,125457.4,2028.16,0.6560693641618497,184.37818181818182,9.222363285157714
6.74,9.25,381.0,16.5,6.56,19.0,1.15,2.35,3.0,12,38.0,4.55,3,725.77,200.75,39748.32,0.0,198.0,216.0,4.55,4032.0,99000.0,87.0,3.0,12.0,0.1,510171.3,8726.6,0.7286486486486486,727.2166666666667,7.366985914541748
5.91,8.6,381.0,19.0,6.21,19.0,1.15,2.35,4.0,19,65.21,5.19,3,889.78,243.34,87844.2,5.1,361.0,849.0,5.19,2920.0,180500.0,0.0,0.0,17.0,122.0,990464.3,16939.83,0.6872093023255814,891.57,17.541612560500536
6.0,6.07,381.0,17.73,5.92,19.0,1.15,2.35,3.0,11,26.75,3.0,3,748.86,126.79,24724.82,0.0,195.0,546.0,3.0,4179.84,97500.0,87.0,1.0,12.0,0.1,482544.2,8253.84,0.9884678747940692,750.3490909090909,11.927859186681696
7.11,9.24,381.0,16.67,8.6,17.0,1.15,2.35,7.0,30,52.29,4.78,3,696.35,192.75,96377.38,11.07,500.0,434.0,4.6,5523.84,250000.0,87.0,3.5,16.0,127.0,1223819.0,20932.35,0.7694805194805195,697.745,18.742498917480297
4.0,8.56,381.0,18.0,6.38,16.0,1.15,2.35,2.0,4,41.56,5.33,3,800.67,240.53,25976.97,5.0,108.0,378.0,5.33,2069.76,54000.0,89.0,1.0,21.0,135.0,919493.9,4871.62,0.4672897196261682,1217.905,8.892413843457943
9.2,8.32,381.0,18.0,12.11,18.0,1.15,2.35,2.0,12,40.0,5.99,3,770.53,256.87,55484.13,12.01,216.0,356.0,5.99,2419.2,108000.0,86.0,2.0,11.0,127.0,541982.2,9265.56,1.1057692307692306,772.13,6.724933807134894
7.4,7.14,381.0,19.0,6.01,19.0,1.15,2.35,5.0,17,39.57,5.75,3,850.47,257.84,83282.4,4.7,323.0,356.0,5.75,4798.08,161500.0,0.0,0.0,16.5,135.0,846970.9,14486.89,1.0364145658263306,852.17,14.43084061505114
6.77,6.83,381.0,18.0,6.76,18.0,1.15,2.35,1.0,7,47.88,3.45,3,800.67,0.0,0.0,6.01,0.0,801.0,3.69,1975.68,63000.0,0.0,0.0,16.0,138.0,328329.8,13574.661966101696,0.9912152269399707,0.0,0.0
6.46,9.69,381.0,19.0,7.01,19.0,1.15,2.35,2.0,7,57.87,8.79,3,850.46,394.2,52428.03,0.0,133.0,801.0,8.79,1975.68,66500.0,0.0,0.0,9.2,0.1,348748.7,5965.12,0.6666666666666667,852.16,5.015442881182388
8.38,7.9,381.0,15.97,6.46,19.0,1.15,1.65,5.0,19,39.92,4.37,3,687.15,188.51,57214.0,13.09,303.5,1070.0,4.37,1948.8,151750.0,44.0,1.0,11.0,125.0,764813.8,13081.89,1.0607594936708862,688.5205263157894,10.400297971598885
3.8,9.7,381.0,19.0,6.51,19.0,1.15,1.65,2.0,13,107.99,2.38,3,850.47,106.79,26376.03,0.0,247.0,801.0,2.38,3057.6,123500.0,0.0,0.0,17.0,0.1,647683.7,11078.21,0.3917525773195876,852.17,15.818331096324645
6.26,10.69,381.0,14.98,10.13,15.0,1.15,2.35,6.0,20,38.82,6.1,3,634.45,258.91,77542.79,4.73,299.5,374.0,6.1,3035.8,149750.0,89.0,2.0,14.7,114.8,743488.3,12714.62,0.5855940130963517,635.731,12.66660091592772
6.72,7.8,381.0,16.97,6.12,15.0,1.15,2.35,4.0,23,62.88,3.37,3,699.78,138.41,55395.87,8.2,400.23,947.0,3.37,6071.6,200115.0,83.0,5.0,9.0,124.78,1074181.0,16425.4,0.8615384615384615,714.1478260869566,20.891076516076517
5.03,8.68,381.0,19.0,6.01,19.0,1.15,2.35,2.0,12,57.05,0.0,3,850.47,152.78,34834.07,4.91,228.0,1420.0,3.41,4192.56,133000.0,93.0,5.0,0.1,116.2,588865.43,10205.64,0.5794930875576038,850.4699999999999,12.302657496688555
5.15,10.59,381.0,17.18,8.04,19.0,1.15,2.35,2.0,12,67.77,5.12,3,712.76,212.29,43752.46,4.68,206.1,498.0,5.12,2851.04,103050.0,82.0,5.0,21.0,122.0,493517.9,8553.17,0.48630783758262514,712.7641666666667,8.254111171104139
8.2,9.14,381.0,19.0,12.96,19.0,1.15,1.65,1.0,12,109.77,3.45,3,791.72,0.0,0.0,4.9,0.0,801.0,3.69,2515.68,114000.0,0.0,0.0,23.0,129.0,548184.6,13574.661966101696,0.8971553610503281,0.0,0.0
14.0,15.68,381.0,19.0,6.51,19.0,1.15,2.35,2.0,10,123.03,4.11,3,850.46,184.34,35024.07,6.8,190.0,801.0,4.11,3035.8,95000.0,0.0,0.0,9.0,135.0,498212.4,8521.6,0.8928571428571429,852.1600000000001,2.0431179990793313
7.76,6.67,381.0,19.0,6.51,19.0,1.15,1.65,5.0,14,21.21,2.15,3,850.46,96.44,25653.52,6.62,266.0,802.0,2.15,3689.52,133000.0,85.0,1.0,58.0,132.0,547833.8,11930.24,1.1634182908545727,852.16,12.131319039340882
5.64,9.27,381.0,19.0,6.51,19.0,1.15,2.35,2.0,16,70.43,7.79,3,850.46,178.95,54399.77,6.47,304.0,801.0,3.99,4318.4,167200.0,0.0,0.0,12.0,122.0,626745.2,13636.0,0.6084142394822006,852.25,13.726965857343446
15.02,9.01,381.0,19.0,6.36,19.0,1.15,2.35,4.0,15,61.24,5.79,3,870.13,265.72,75729.97,0.0,285.0,801.0,5.79,3773.4,142500.0,0.0,0.0,0.1,0.1,600883.3,13078.8,1.667036625971143,871.92,5.086506151153564
6.36,7.96,381.0,19.0,6.73,19.0,1.15,2.35,3.0,13,44.44,4.36,3,809.04,186.2,45990.28,0.0,247.0,801.0,4.36,3946.54,123500.0,0.0,0.0,0.1,0.1,484414.7,10539.66,0.7989949748743719,810.743076923077,10.957281441966535
4.93,8.93,381.0,17.43,6.48,19.0,1.15,2.35,3.0,14,53.58,3.92,3,764.91,172.56,42105.3,0.0,244.0,801.0,3.92,4250.12,122000.0,0.0,0.0,16.0,0.1,492725.4,10730.19,0.5520716685330347,766.4421428571429,12.827896079383786
6.95,7.33,381.0,19.0,6.01,19.0,1.15,2.35,2.0,8,26.74,3.56,3,850.46,159.51,24244.97,0.0,152.0,801.0,3.56,1928.56,76000.0,0.0,0.0,0.1,0.1,313047.9,6817.28,0.9481582537517054,852.16,7.043179414965908
